prod	pci_rca	pci_rpop	complexity12_rca	complexity12_rpop
0101	0.05152349574325237	0.15080883379663043	0.38179201041926686	0.06269422498665374
0102	-0.7741898748859244	-1.6949872846352887	0.09654045107679614	0.0073532933429303
0103	0.7075272227069294	0.765032493955989	1.5154561642065263	3.5327488617129292
0104	-1.4687191171825118	-3.1349169279442273	0.10544909364099886	0.006282009715477705
0105	0.026584046209883663	0.25603626480047526	0.4308723586206595	1.2757489042502521
0106	-1.776051836747142	-2.201223554836887	0.016264605791664815	0.011213525234325429
0201	-0.24963135436851255	-0.19769027507969253	0.31973385262027365	0.7382925235721748
0202	-0.9284916214310224	-0.5620937901939808	0.26970294208587203	0.5609795033615836
0203	0.6364326292829539	0.6673394489596608	1.1311206321831129	2.0283341256598626
0204	-1.4796870094570072	-1.7183561782792411	0.27072109090459	0.038767416251964934
0206	-0.5231052655561869	0.1245435964518549	0.33939195884110485	0.9046665838207335
0207	0.15906000953976004	0.32873094740157777	0.7018312879052179	1.0046003389251406
0208	-0.10387781758669537	0.09288066011502094	0.26779704727456455	0.5308911465697206
0209	0.3131744500261157	0.5222319384986868	0.8024837116634158	1.7006351493641363
0210	0.1896000222750846	0.5017926090874201	0.9286438993305165	1.6580177977450399
0301	-1.064759164158314	-0.6123327898182077	0.0019083504246600867	0.13964306526512207
0302	-1.5247795378388316	-1.5417962127612936	0.039266056716183294	0.031172224664836466
0303	-1.5673911259856548	-1.8405577328435836	0.035422402609125936	0.03145503001729062
0304	-1.1036396846083807	-1.1973248372652	0.08611928704984322	0.08010176872954552
0305	-1.6362522245080646	-2.256173830813665	0.03969758295398869	0.025690306428885822
0306	-1.7593282299707862	-1.9008287240812671	0.07022477575996953	0.0904824550482313
0307	-1.6121431430671516	-1.593379630167453	0.07069002803911482	0.071576837071738
0401	-0.05521025672739728	-0.4961016806444384	0.21438568169117628	0.21172096603513813
0402	-0.7452826117573603	-0.3913858720194171	0.1700704224942973	0.35454708281092123
0403	-0.019501871122947635	-0.058276568827923876	0.29628607398411855	0.6485788265960187
0404	0.5793271361266737	0.536933102936147	0.9916282214122905	1.5236707067735527
0405	-0.07237121435295468	0.2355169503015249	0.43299270812987034	0.9296753378999307
0406	-0.08809732526373197	-0.3813881968769691	0.3755176736836134	0.48946995129367254
0407	-0.2345689128729227	-0.03438598118406614	0.40616157904829137	0.8679040694800125
0408	0.52556935046404	0.6463711806768931	1.4635089396618841	2.056093420802638
0409	-1.0095299135538942	-0.6417620944339917	0.19339453152291167	0.12199378825359831
0504	-1.013035160865295	-0.7745725940055053	0.25326695099532104	0.3698395052207411
0505	0.33817947950537425	0.7739508172743852	1.5755059400140932	2.118324692924361
0511	-0.6634508565660782	-0.33670539033785996	0.16601163223614968	0.37549358882122225
0601	-0.7208913464424882	-0.11318686281460952	1.0886351985517755	1.0645970406388743
0602	-0.7730223336312876	-0.7241144214467244	0.4484174153154809	0.13073791536656457
0603	-1.3401498101117506	-2.146546312341764	0.35225322009222454	0.03759289394088193
0604	-1.1405126497026103	-0.6673841539505572	0.18370734721539125	0.3530753892534591
0701	-0.8886652207344824	-0.6585999924000976	0.16101543919978106	0.3880136614584906
0702	-1.1612567669549296	-0.9791257788759501	0.15745505172803742	0.38620783985006996
0703	-1.9889887201867509	-1.4835347462114197	0.12401187134696065	0.03123776032004985
0704	-0.9073212870790062	-0.9585915518942	0.3014593894704712	0.3351520206918017
0705	-0.3800024409971782	-0.13644678420604434	0.6346195227794671	0.868014871855556
0706	-0.6292350651883326	-0.9003378041920842	0.2964988033337569	0.16245394324516893
0707	-0.9272937397854064	-0.9474793962462047	0.21075719835148432	0.41763959986954347
0708	-1.8411732288794256	-3.092256935446447	0.1130717734953645	0.019252360494496686
0709	-1.2909452317164298	-1.544841736011672	0.12051570224347866	0.04331438804800523
0710	-0.9302747653853564	-0.3795761775214984	0.2956771913094825	0.42454662684245764
0711	-1.241484029189764	-1.2461151402751323	0.2224416482663443	0.18798991795290212
0712	-1.7172631585934988	-0.6133566961577303	0.20874755402777181	0.40289806983764387
0713	-2.1307133432889915	-2.8004257649858255	0.10393903441338065	0.016553913605414212
0714	-2.2969043271993974	-1.9771532162615306	0.1685488370321623	0.3144988838732539
0801	-2.396031645157657	-3.605438702880691	0.06717881236125228	0.020687250035431735
0802	-1.790430421381229	-1.831931353931171	0.07658743601967148	0.06130728654842762
0803	-2.0351023393104035	-2.1445055287179087	0.12649608339032284	0.0830460072634348
0804	-1.8415588935718126	-3.31536061967075	0.00026676539590212795	0.005542970043135812
0805	-1.2638176398524341	-1.2200334697019857	0.26015036246570483	0.2564920232101445
0806	-1.1170907012867517	-0.7476365833118982	0.32004355099546417	0.13337811199675748
0807	-1.549619860966184	-1.665510605087516	0.1447656998533395	0.23274785086008232
0808	-0.5127441719141141	-0.1443101359764761	0.4687237531167641	0.6113345806115186
0809	-1.1617995989254628	-1.010093464841051	0.15290407235537629	0.1625407908665135
0810	-1.2253776193595902	-1.358978447535384	0.10074026673250405	0.10545307888266876
0811	-0.419132370464153	-0.03895289831536865	0.36674930221162444	0.8474678088416069
0813	-1.087436908822621	-1.3306355028803003	0.20552508736417718	0.07747209886768401
0901	-1.7914155757029073	-3.0455352313157142	0.06081481451143333	0.018814614679955502
0902	-1.9955162051075523	-1.9986966200150242	0.08795208280906272	0.04583288472146645
0904	-1.7544064858555546	-1.1168201302869778	0.20901006855249196	0.11011486659658583
0908	-1.629970676234582	-1.474795503743826	0.28505445371166704	0.2318941336696919
0909	-1.5521005040841793	-1.3368342002340188	0.1726932941271952	0.03779204423363298
0910	-1.4805391905907468	-2.119822815593357	0.10254043615000616	0.027502600455922833
1001	-0.34855741775275795	0.13597650988222992	0.3649298055077958	0.43177137804849663
1003	0.04219278992974159	0.4152502437168267	0.5716624378447641	1.328528472151755
1004	0.02115093272182429	0.34536723182805906	0.7714459158008545	1.732087390482842
1005	-1.0071802833330896	-0.31238573421520793	0.22088936165451434	0.14793237914991889
1006	-2.0772106604286305	-1.2850055995324356	0.13205176713484798	0.2552457486454728
1007	-1.9358415812855279	-1.3901987454084639	0.21861054883771838	0.144231160924259
1008	-1.1909363499313481	-2.0834946754434847	0.12023013222072367	0.027701319069204804
1101	-1.268481573481445	-1.524225230896893	0.05325682045733601	0.08728992227584162
1102	-1.285061576998279	-1.839881468435108	0.09949600800923815	0.05581612135475293
1103	-0.8817792506379211	-0.9832860045025195	0.09367056080503627	0.05928076910139449
1104	-0.7537971410246838	-0.9201732698036446	0.12365499407415312	0.1164381419965715
1105	-0.6574080276706326	-0.21222857745173263	0.20344389947763314	0.5351325575271298
1107	0.16945809844981144	0.07250438040085586	0.34689152127053485	0.7169610347332175
1108	-0.6073440452323319	0.11008077880780243	0.4239070388123178	0.7091928380782935
1109	0.7188810761102099	0.9139776523474148	2.6686936739505813	3.3399208663029567
1201	-1.0056058920812896	-0.4239526617736898	0.6667979521541065	1.6297643560150388
1202	-2.3365720725525603	-3.3620572940845745	0.020387903345911975	0.04700911298211479
1204	-0.596611505388358	0.5481107449846419	0.8397294012166545	2.4637893011268455
1205	0.20656248696958457	0.02857143243056291	0.5129790859771185	0.9169234833123235
1206	-0.38973112183312547	0.01416356088566601	0.3629364770481484	0.9445480551428689
1207	-2.3588392049039024	-4.641122753596036	0.016328528743279034	2.842250438039409e-05
1208	-0.8807686376734494	-0.7057266926833831	0.12493982903412831	0.38455476075687195
1209	-1.0521158835532922	-0.640679664464405	0.26182290183745627	0.2822857955874979
1211	-2.025886439265707	-2.3888215644503434	0.015894692811887153	0.03343294924392299
1212	-1.7108963199790719	-2.6370747865156328	0.08449510018447072	0.01634730625505415
1214	-1.2892264128222126	-0.20547293497946717	0.4518171126278923	0.15168370697908232
1301	-2.3915790490618627	-3.94971536949404	0.017297210364653925	2.846800482813197e-05
1302	-1.4624049798128955	-0.5383453423877889	0.1282436120336041	0.11113121159577875
1404	-1.8986964954580245	-2.8108752995479853	0.05595351017928622	0.00712135329674124
1501	1.1239593414146107	0.7919388120965682	1.971747264641978	2.6528798001752354
1502	-0.7229374326708571	-0.13728496112890412	0.13338208923692665	0.8446117632094273
1504	-1.2898499745580956	-0.35337344745230553	0.14532308871359334	0.22702893621362913
1507	-1.0372416332532577	-0.48428606540629127	0.30075864140610664	0.5804149914344061
1509	-0.7593482900291172	-0.0234448094746511	1.2527042426781285	1.2267910802083455
1511	-2.218610078178384	-1.7347858858642489	0.1431478896099219	0.41049497519671324
1512	-1.202137373961216	-1.3840294698228772	0.125723103945469	0.13363473900411152
1513	-1.7924284576567868	-1.790279640462753	0.09811525380227269	0.3255066931476183
1514	0.3618844870021933	0.667653348214344	0.7066364830598401	1.8320063568888236
1515	-0.857635579259495	-1.1505565366306503	0.12691220391055497	0.04638121507565973
1516	-1.2494792883413943	-1.0513255086358824	0.11404900852160584	0.04401698596119076
1517	-0.9704855601369584	-0.7923001580568405	0.12991261815789187	0.2477971904879458
1518	0.085095285538258	0.07801296435684069	0.560056078232636	0.4525749100558143
1519	0.25217663085622205	0.17133127138818077	1.1830820377792843	1.005455570384977
1520	0.0044946224056877405	0.4606385290765654	0.5887172169377971	1.3721206649500894
1601	0.33142224971616857	-0.0180294790871144	0.5337577306315641	0.6797090085185702
1602	-0.09144534906645535	-0.1145945470216899	0.36255358402737403	0.5616118949079945
1604	-1.4078057127431953	-1.014049648900722	0.058294954989566154	0.14039458310683395
1605	-1.4813053151114868	-0.6120700462524942	0.16171200577404402	0.19388582384063183
1701	-1.5723800713191494	-2.0199847700599247	0.005752337910731448	0.04845348664368065
1702	-0.04287112695012043	0.4109278695211137	0.7572333463566042	1.2546349678911262
1703	-1.370757699080293	-2.367243687087534	0.12229189045947911	0.051353500477093764
1704	-0.6420278656272193	-0.7212984135907682	0.15235380722181088	0.22967104824676668
1801	-2.5803859650556955	-5.828714795749334	0.050133543647727305	0.022414568274948414
1803	-0.507573216352075	-1.5901731882379149	0.21512261061991622	0.13556737761960233
1804	-1.1737617165761267	-1.6029708066940678	0.20973055434685625	0.11120712010184378
1805	-0.42244355324882793	-0.2924108915823441	0.5400076531175705	0.6923000721703816
1806	0.1972818688358608	-0.32032392804915566	0.30435948166789023	0.37967561609762146
1901	0.008181649691316704	-0.27686981873584715	0.2680299158784362	0.35696407635444544
1902	-1.2240950568007607	-0.7202648467457264	0.13880467200306354	0.3192614191349427
1904	-0.3411045964334218	-0.25379350701889547	0.16614175733437558	0.5275035698817611
1905	-0.35565125391138674	-0.40575348706224473	0.22923559679712896	0.3885679202777411
2001	-0.9233777891056548	-1.035409394206311	0.2658163513564516	0.24904374373492527
2002	-1.0838773070849839	-0.40499810043913415	0.3141555506361914	0.4073036664817807
2003	0.4126228928275489	0.6865757545066199	3.688824562237125	2.5493142588878426
2004	-0.04120330654004976	0.5061438434070431	1.793556468529692	1.8484549638779313
2005	-0.822883007118587	-0.7599902069831578	0.22872260745906892	0.24870734751082535
2007	-0.7880382281396798	-0.5661024554896229	0.15346380918135263	0.39601118529379803
2008	-1.1196989321806394	-1.1433566764554897	0.16988795879715465	0.19101095214535657
2009	-0.7018861231996439	-0.6174413701696349	0.21226524697156277	0.2107223553183287
2101	-0.4944016115591633	-0.5601191474133155	0.28823238421280967	0.3462470438633852
2102	-0.4268194083743586	-0.27060770298236714	0.3387406834498242	0.3771676181017191
2103	-0.46484555969168395	-0.31849648429920296	0.2039860646663	0.3901007982554483
2104	-0.39040948209572196	-1.0553577642508525	0.17383448518886088	0.14210542861476094
2105	-0.24631157067635534	-0.29671746339326044	0.3372917400043365	0.41024067392744884
2106	0.09046931128304399	-0.04373969817410185	0.2661671824034108	0.47603480027811
2201	-0.5970560213589672	-0.03379579483473992	0.16873158912995212	0.47891838392551095
2202	-0.4868616601133192	-0.8061771157554578	0.08722899519868735	0.1961350423095021
2203	-0.2507147763153883	-0.46544425741359335	0.14360144411585143	0.12740084279398178
2204	-0.5701428716582119	0.21715957605822694	0.6571322390652901	0.9528151192858401
2206	0.012033602650539847	-0.20102615628186396	0.2224518096863508	0.46129216131329204
2207	-1.2225434561979875	-1.3928707409685959	0.09286221568884746	0.09601913598087644
2208	-0.6358716790295574	-0.5948651580563737	0.1258777575349399	0.21249548766176568
2301	-1.3575373688710286	-0.9939023122861611	0.07254150163353067	0.16521358062779667
2302	-1.666613697124389	-2.768113413161888	0.019979951083535053	0.029429128952331938
2303	0.36357219686442244	0.5872733860517954	1.1158914491187915	1.5981810371445766
2304	-0.5418981932797343	0.11284793090439973	0.5564055421507321	1.04926041947987
2306	-1.1755472091662578	-1.7475231982188941	0.08245471723822793	0.09285942690619943
2308	-0.6305425542239891	-0.0012047031016906434	0.4021581060198898	0.7378933335102549
2309	-0.12233086063983173	-0.3840841645239977	0.3382538709670066	0.39284278839416015
2401	-1.6231460031732796	-2.6031943861750544	0.15196216734760196	0.054171811466052475
2402	-0.7663540168999199	-1.2483453996294034	0.0941238703331612	0.04648317643790274
2403	-0.5551405883457952	-1.2316070348255512	0.03500126655218406	0.18348566054785828
2501	-1.2007410589324712	-0.8195232191066729	0.09542982675833092	0.23552254413628765
2503	-1.8752959331665313	-0.882400238227416	0.0017972215817896556	0.02084450629620462
2505	-0.9583608162558027	-0.1675865051975234	0.1949492294353104	0.3829860547286211
2507	0.014691598862344718	-0.00297162727194184	0.9444979515169811	0.7690077322380573
2508	-0.7157561192958468	-0.7452745173424512	0.14922690666159155	0.21189881102627153
2510	-1.668424145714932	-1.8141207141230893	0.006173134914387541	0.26598313860199746
2511	-1.9598538513773691	-1.1903687363297817	2.65497685055833e-06	0.08376914416613898
2515	-1.5371082324837486	-1.2277318354714284	0.1899747763514005	0.16999417062913397
2516	-1.0958860990871944	-0.9684447797958549	0.0008120421721698469	0.04169477764525628
2517	-0.5518139984113579	-0.4833074343592497	0.12044076114745748	0.28550589982541486
2519	-0.352973755097456	0.25566777808570185	0.28776499539374456	0.5008264750744225
2520	-1.3073516278784953	-1.2855189083183887	0.07703122842094279	0.12370531926329625
2522	-0.3576182006649531	-0.5617775019938289	0.25650387323879503	0.3365200631602609
2523	-1.1608580726753492	-1.8847143316635204	0.05408293786020519	0.05835653053237875
2526	-0.3966315581832767	-0.27035872205675654	0.8122662503058695	0.12841238663633714
2529	-0.8806282540416167	-0.6682867137620508	0.3630056888051655	0.3855713606216817
2530	-1.195145087144438	-0.8008434726325317	0.10370558600955049	0.17870321162018826
2601	-1.8809044568252342	-2.4094727490163255	0.046953363521728374	0.07541147954775339
2602	-2.2066904296156564	-3.414209752436775	0.03544789544104593	0.0462037388152007
2603	-2.0029660043876616	-3.048089961821784	0.060419949797740104	0.0867293307649662
2604	-1.770304701373826	-2.02048906385237	0.2670344698470523	0.3566942053025814
2605	-3.0005740843721633	-2.2260698908069823	0.021723843619249904	0.1357697015150765
2606	-1.9099045737502132	-1.8647197686166745	0.14528142740305533	0.04835102386646607
2607	-1.4127901896562647	-2.8103992087128935	0.18120051880070184	0.040890346703445914
2608	-1.3691663051391008	-2.1171944469490303	0.1699029186383519	0.04259328694086381
2609	-2.6754556463986505	-3.3696230691896583	0.1100710824269707	0.08743786857065762
2610	-2.269254647479831	-3.280371434022644	0.22558029735028406	0.1069026631147531
2612	-2.790027391947913	-3.543117680490369	0.4678220940523996	0.048289353200517686
2613	-1.1183064806872334	-0.7791017830830803	0.38033531392328573	0.4477526551821711
2614	-1.3474002985332527	-1.7562561003658497	0.4826928559602241	0.2133017096748597
2615	-2.1950026342979574	-3.316970706559799	0.10063117937806157	0.029063172543484242
2616	-1.5532027049520838	-1.8279529552117055	0.1476107696902022	0.18562462624963902
2619	-0.8952289539433379	-0.9462220225144855	0.10626824017520163	0.15420923973385364
2620	-0.7153104040115559	0.1149807754403373	0.15194090725177214	0.32874110926227124
2701	-1.502049721225694	-1.2151471203733648	0.3492255783947406	0.2607889001422837
2702	-1.3334165930533135	-1.430285900294791	0.5495564918781954	0.7117260876068503
2703	0.03744985081055008	0.031107640605280686	0.6364662055035721	0.8346693905526896
2704	-0.5695620260735758	-0.12663076624572156	0.39372496395985074	0.32437413384744485
2706	0.024419467923545813	0.24728099607591436	0.2841287751419133	0.9412950190894497
2707	-0.6271453151574877	-1.008396858699685	0.0007128344090113111	0.029018968930586853
2708	-0.13050852235820518	-0.44436428091128893	0.10793821346064687	0.22326340126926578
2709	-3.1489606516730433	-4.244890408474183	2.450468830910334e-06	2.8516067672686878e-05
2710	-1.286065414698019	-0.995190139480192	0.0013698722745267178	0.08849232087744772
2711	-2.418734672050748	-2.0728430666671334	2.480104050126535e-06	0.026007003958847783
2712	-0.5019617752412185	-0.28735760292266843	0.17121909810245686	0.2686549978437634
2713	-0.9048892486441934	-0.7862897981123397	0.036054611736247334	0.11339778756867476
2714	-1.0020997711557444	-0.7617852012529157	0.05073074513935497	0.26745976702471863
2715	-1.0511809188896943	-0.7363431125628458	0.05937390010266167	0.13725045059802507
2716	-0.47390611522775516	-1.2521178689964212	0.16120071372690553	0.19188390846177925
2801	-0.758249750570825	0.1787980815564751	0.1650647607976777	0.43005889252317614
2803	0.02320996113838568	0.3478607206659699	0.10052615191512265	0.4483896105097799
2804	-0.39000127451015854	0.24367354606172492	0.00552342377316971	0.3555150405306015
2805	-0.3344182735668655	-0.040602866898097015	0.8422168347585112	0.5479787471138747
2807	0.12144563900629265	0.09949212520248615	0.6366423439015693	1.0120922558079994
2809	-0.3723141079588859	0.0033592695143879357	0.3813125037858545	0.7852186688469703
2811	0.3658531629860012	0.29321919893027143	0.5598813478232134	0.8084891547691376
2812	1.206255874725562	0.9652172219380601	2.692185950984514	4.034312202996009
2814	-1.7421692411274736	-0.343835823332003	0.0014133347677068985	0.22623276759029548
2815	-0.1070448538440249	0.40215516915946337	0.04807328568176759	1.0566047957473308
2817	-0.2540668188603977	0.18129298190600543	0.1749061660459204	0.7690436038989157
2818	-1.2400901068453816	-0.8850217650200093	0.06973740194972393	0.043883496391425164
2821	0.305109862434006	0.48970361693389625	1.1236875122219838	1.5229862348823304
2822	-0.3719755145955306	-0.7002397972131515	0.4024585533935559	0.14855356703791467
2823	0.059581936150107526	-0.014905409417595461	0.22900706596103448	0.8394295638088293
2825	-0.7489608493519226	-0.00952113488694826	0.2168027919086977	0.45127892783998225
2826	-0.08168952300053478	-0.03338852418635054	0.36362520833657097	0.2534505806821458
2827	0.5418166697115051	0.2094683016514862	1.256002950560304	0.4397033079781157
2829	-0.46580618846867106	-0.10195031205768285	0.9323595014478361	0.7048850489844967
2830	-0.5797828233576047	0.30697936890211863	0.4098545631121538	0.8941361915548525
2833	-0.09604239561966843	0.1058109894754393	0.48063876778344616	0.5661346246547369
2834	-0.5974429786518357	0.18748664210799074	0.7192281819588873	0.8562821728517914
2835	0.0729272413067357	0.22112245300686317	0.6097687141758021	0.7304317527492733
2836	-0.653334112098299	-0.20403976896975676	0.16219525146253702	0.4049587261765506
2837	-0.7633044373382123	-0.09511422412853437	0.1353401479582877	0.5377036911504127
2839	-0.1954960859474608	0.08381756670253426	0.611873925453878	0.5376072080498474
2840	0.4520270565378678	0.38708769700435663	2.757779847794055	0.6510706688740748
2841	-0.4593696593860163	0.18839338857866345	0.5376622650836931	0.998485423551257
2843	0.5008035856206415	-0.05020805235424038	0.7813768875667102	0.9785771048736103
2844	-0.9134629090917108	-1.2877132530809436	0.3594380961783212	0.04651056112716175
2846	0.1447407315657609	0.5485006295432399	1.1403884682863066	1.7453940491229678
2847	-0.2717081178667088	0.4005185429376656	0.032995352613065465	0.6891730103681367
2849	0.0717873170583522	0.6155401931858051	0.13415401715903802	1.0719262614760747
2850	1.831161481092526	1.0685608568333183	4.272544898497938	3.667682725860115
2851	0.9792870555540913	0.8411659747360603	1.6433806595583749	1.573015661386631
2901	0.10014993045415384	-0.0273998597266532	0.03704507153632909	0.2448982764378113
2902	0.2135771194625078	0.5394226726750431	0.10956646287578163	1.5590587524794828
2903	0.9905104552403078	0.9632872637660904	0.051911007731700556	2.3294270793258174
2904	-0.4792986232409145	-0.4323559972906232	0.005295245370158809	0.23312229777996132
2905	-0.8675285223518551	-0.08914457219699454	2.4844191502777575e-06	0.22058307210743835
2906	0.7929287028412807	0.5690364701022288	0.7054164719344979	1.6888522519687392
2907	1.1395503185848612	0.958052121910182	2.2093581369326634	3.3677600283060505
2909	-0.1547092120632955	0.34122498974580845	0.00027809724229594084	0.02317111962033575
2910	1.3712151329761006	1.0842551453217066	0.879467506331857	5.10505461863657
2912	0.7417701779964782	0.8012811280972564	0.5325676349093563	2.0926150826012186
2914	1.5104195413756947	0.9753277724655649	2.5785063534108628	2.611652187395177
2915	0.506111368040433	0.9078260678245456	0.6246036560482594	1.851164178115597
2916	1.1197178579442044	0.7834835610237829	1.8862671050548796	2.2263944918456957
2917	0.3916293840412449	0.8458153202782126	2.6543838485958746	2.094390354272033
2918	0.2567183411578829	0.40017940497602467	0.743333794225927	0.9654220255790287
2919	1.170808119179592	0.9255998577908786	0.992142595727092	3.4426383224897172
2920	1.2494120905296184	0.4429545886137192	1.3588096167054708	0.9483242297926985
2921	1.039224653727052	0.7705436616684928	0.49382986647804006	0.9916938702854696
2922	0.17341893906630934	0.8983884206077415	0.6160451621083048	1.8148940004709173
2923	0.6265619033664254	0.3821067566810775	1.1679926126824731	1.0565204243972959
2924	0.6246989845135347	0.7247776180747392	1.9017967892779077	2.0034896588565583
2925	1.4651919764894206	0.9244580542113298	3.0297471056046894	2.362387381837813
2926	1.5169715138957818	0.9174331574697335	2.4303145557884873	2.73340830073252
2928	0.8591068371304103	0.9482393446737448	2.799251838310968	2.974706998070991
2929	0.9095622278281724	0.8009082242786025	1.6017388827960026	2.1429859282929278
2930	1.6007969329313059	0.744642664197152	0.864617666157223	1.4730144095758952
2931	1.3064951389824901	1.1223890616945928	4.076882376516825	3.6814345644539057
2932	0.7738878672418049	0.6087337159403514	0.9083506560153269	1.604400165505918
2933	1.2925527008352033	0.995547642769256	0.8181449266808669	1.9659341318956227
2934	1.3561615213655855	1.065939103274964	2.0962678911037225	2.6486812548108354
2935	1.6992287657968597	1.1074021822533429	6.148908727655109	3.9990523894805143
2936	0.7139606979583034	0.2411026012745988	1.3113318270230234	0.665033801711721
2937	1.5086827329779922	0.8829226352672913	1.3396878281529219	2.6366482485453453
2938	-0.13556519551113014	-0.07050061420935312	0.6486058174037126	0.5162589106604261
2939	-0.14754357133562934	0.37705583198345466	0.36426302748056716	0.9956347680197136
2940	0.9212075720223356	0.8044314958676215	1.27448411408149	2.1340181698358167
2941	0.7792552080735123	0.7241367348592321	0.2637443527336091	1.6907355121318137
2942	-0.7476710062145681	0.6278316843114977	0.5233062942789979	1.2152700488935197
3001	0.9995927748338793	0.6130384891145193	1.8050421115732238	0.8382211231089088
3002	1.527828524616055	0.8379521460216446	1.9549632587585757	1.7134727874401048
3003	0.10375177000809586	0.3204250288610669	0.34245426470675394	0.8109459045492777
3004	0.6614348283878532	0.34577676388550455	0.5270998866410869	0.49968629587027574
3005	0.39665991070662937	0.4909394031909529	0.6565596674361828	1.068562476847617
3006	1.0733486121972937	0.5200956001023558	1.1686526864475775	1.160596927874624
3101	-0.6960071892139122	-0.22427640832600979	0.14707525893346257	0.3898574767261159
3102	-1.2612094938862366	-0.2656077684217375	0.0017972353677346866	0.18313190742388546
3103	-1.0786289163801877	-0.23037018092826464	0.20053036604892144	0.8450535495730225
3104	-0.39015314371078585	0.07692927872328985	0.8893583613330895	0.9295662887741357
3105	-0.8120638464525444	-0.7409266824524181	0.1316158309611286	0.009932217028848622
3202	-0.26991647786443373	-0.09384021980148707	0.40610094773197075	0.4485393019920711
3203	-0.06612917110673358	0.14726897023297844	0.5932885922998441	0.5728506694227401
3204	0.6725484266585582	0.59076001190843	1.7477203570139315	1.3116149637234875
3206	1.082457457082817	0.7655584520033496	2.0030216435660404	1.6438280831842416
3207	1.1131159153524657	0.6826832607757979	2.1388773813376836	1.6614611623230489
3208	0.35352217127025976	0.21764512725650137	0.5920446417240368	0.8413904778605144
3209	0.2119097541306284	0.08030707113682425	0.47388201037064054	0.21710289192615112
3210	-0.06738760460364532	-0.04857542726125819	0.1177290748695529	0.47990247713485584
3212	1.1311631767453671	0.29867398342536844	1.346083451196793	0.7767835609895009
3214	0.6002694943893637	0.14435060711455885	0.9241798089478533	0.7777635211545338
3215	1.3552753813443534	0.667875969112517	1.699616548272184	1.4643913302822293
3301	-1.1350147077339154	-0.955951608760745	0.15874349600273444	0.1938668085202141
3302	0.2785065119122644	0.24135938905951507	0.7920005457932138	0.8251167056940355
3303	0.15400054194863208	0.11770922768616528	0.3291906556924531	0.7042618558492459
3304	0.06228876930028657	-0.28108678729774983	0.28772715004096017	0.3067529418723402
3305	0.11320350758535128	0.062160733747308024	0.46829820347261303	0.5905808916641688
3306	-0.005113312105795455	0.41052394442872364	0.44169451380083774	0.6249318381556951
3307	0.4478403152416001	0.2678105997605461	0.7255137131285133	0.6897011488510775
3401	-1.3091844711668663	-1.393748971781111	0.1022094485308365	0.07109236601765416
3402	0.2617216842200992	-0.1764006507479122	0.6035605284052973	0.49648311711631926
3403	1.431261135370064	0.7549305381996747	1.7847820850826492	1.6085116442456127
3404	0.791098965278616	0.6427330419487682	2.5596698783477536	1.4916337516134381
3405	0.14535908843558393	0.05478597632146124	0.759349341241696	0.5087107403938422
3406	-0.14477397131686204	0.30936322574821357	0.5009439143112625	0.8924366207215924
3407	0.9596057725415496	0.8071747981667287	0.16270907171148297	1.380457065779227
3501	0.24107879661942969	0.6628361416208919	1.3661666710973073	2.8543522879044896
3502	0.5030515925710691	0.6246941268880535	1.2565518873511645	2.207580739346262
3503	-0.10353815793088887	0.5708141410667933	0.5878850333241389	1.4344667812274772
3504	0.504021756779051	0.648266792271049	0.8858348986702611	1.4730982153370311
3505	0.9203094045153286	0.8686506191793484	2.326463399113664	2.404055603585416
3506	0.937104076324992	0.5203847063604208	1.3954501679156053	1.0943038684546649
3507	0.2832270900564843	0.5695495040296622	0.39627020119415285	1.3496800080432934
3602	-0.9557712217560184	-0.8899727709795198	0.09680128392380043	0.23304153189707807
3603	-0.6765668214599557	-0.327644520463041	0.16766894552467732	0.4747812444078544
3604	-0.38133326308098764	0.4649233687202189	1.5193268465676666	1.5544386714477318
3606	0.08505132859170886	0.3124261903035896	0.4239509321928479	0.2804650663315451
3701	1.3851130071315927	0.8830742414283761	5.278535477011928	2.5674048198485497
3702	0.9742175055772911	0.7494673311226289	2.446576238714179	0.8664953344507808
3703	0.9142308821955812	0.9570660983342377	4.6654134698415595	2.8755807491428493
3705	2.3397505756755357	1.192095957249803	12.291853753078238	5.31727794242126
3707	1.9681981642392492	1.061333376503595	8.044310269564813	2.4906915232203763
3801	0.7432933022401461	0.7080256695889366	1.0804742925752355	1.2216896928175052
3802	-0.5440017374132038	-0.194933322722707	0.37596286814198854	0.3843428774742186
3806	-0.0931691587260857	0.48232536814479565	0.5956373198450156	0.8225040416297207
3808	0.13095234036980205	0.09635885390165287	0.508520200316804	0.5403739042430589
3809	0.6249726358883801	0.28044087314614774	0.7811593842461906	0.9024224925124656
3810	1.4280260976904025	0.8626275058188834	1.769521818814409	1.5047310121322441
3811	0.734636862004065	0.4444069364869782	1.0068307243742323	0.45070806311831935
3812	0.8133929741694228	0.8226565306404421	1.351295542921457	1.941507498363511
3814	0.001228925571746215	-0.21288095733897877	0.11799552979403163	0.3024093077505103
3815	1.1264141062962052	0.6732208457399225	2.0320993743889955	1.4022665612639558
3816	0.7541242316839528	0.4841378335337668	0.8866994674523985	1.1259542106067542
3817	-0.8607993427920151	-0.3328781924547648	0.0002775029213512141	0.02283755240736414
3818	1.9274310461992072	1.1506721912672822	3.872646624250368	2.652351172401869
3819	0.701707087864372	0.38032048167057203	1.2764126673653444	0.7174077386971187
3820	1.0477527149345671	0.7145624319976875	1.7765647403217937	1.5474382351239386
3821	1.0876619540539696	0.7725151676867621	1.5997434563090611	1.9189470588169595
3822	1.33975529351247	0.8361419773179023	1.4692096563788468	0.7421881820766743
3823	0.632870214444221	0.4285911314643537	1.2477536925517208	0.9459580015156573
3901	0.14858813566902074	0.41845847824501664	0.035525245242906005	0.8868287980990294
3902	0.22708153075227103	0.2112374513607938	0.1824255154225113	0.4475698781801334
3903	0.9233583728973302	0.7084278609991421	0.6516720321793283	1.5409303934779834
3904	0.6971765630624478	0.4448635607848678	0.9234890725127235	1.231145089804124
3905	0.7795838038966737	0.5020831626601904	0.8444727203151409	1.1064180219989919
3906	1.7251945069599102	0.9673196923234555	2.8979522851823267	2.377441409927162
3907	1.0881615353496656	0.7589289766316613	1.0604954615581472	1.6537736440385957
3908	1.5785168745167015	1.0301054353193837	2.300609674523357	2.8461353926293755
3909	0.9246399411847681	0.8025385782190911	2.0089474718634324	1.7057465121712072
3910	1.590587006411518	1.0456958457887575	4.127546496877097	2.4331860867924053
3911	1.3374476903674948	0.825435710144271	0.35180309021108186	1.248149730853742
3912	0.6788086762254288	0.7039148496268942	1.2457086764600405	1.7127856482200183
3913	0.6064303272827802	0.7210639550578588	1.087857143557373	1.64966873510986
3914	1.1641035146393297	1.0971920874389833	3.0408709585605798	3.8246270872733
3915	-0.9091270895639083	-0.8981272486560649	0.11004320657325332	0.01945390669955646
3916	0.35153704647189943	0.607519444114914	0.8520620305390916	1.3296544650691917
3917	-0.08595957728034864	-0.08804529828009423	0.2623902095128323	0.47904124593048086
3918	0.7258467504724528	0.7494674226797102	0.6863446384591015	1.3964843532696618
3919	1.5636777621250988	0.6340276062586231	3.691117518557577	1.282115900422092
3920	0.3829314592096477	0.06957563663660062	0.5440447173569207	0.7595714933377059
3921	0.4926499265190024	0.3521474668873344	0.11253581756134891	0.9095381709927238
3922	0.4183312233975297	0.3782029552851069	0.8229993459286962	1.0397892437383403
3923	-0.2810541313103933	-0.5841931474574185	0.17301943600108816	0.2688003055166729
3924	-0.8387839187453329	-0.291013102344933	0.13315420918637552	0.3880519239393359
3925	0.3515080336499071	0.3021439001949647	0.39183143903411966	0.7480975809884535
3926	0.7353903429340344	0.7392716219096068	1.01944182740156	1.3805472453570033
4001	-2.3529558841869305	-3.1487519240879656	0.026309438547243387	0.028389251237785507
4002	0.9502743655580775	0.7818989555698467	0.2963512042610828	2.0949173503533247
4005	0.12806968322618742	0.4978879936167412	0.6036329499423819	1.3030834712466897
4006	0.7446809460558729	0.7098133635050639	1.1855283099871194	1.4365238440991746
4007	-0.06853069685214716	0.8669099298033607	1.6571919777048636	3.233020540457725
4008	0.9934805190899154	0.8410481322582438	1.5946558991407427	1.5076621843081195
4009	0.9261580892422683	0.6222919830696719	1.1241265901918893	0.8365870066936502
4010	0.7010987524456785	0.6438379401582083	1.3482760514645518	1.5191945887461407
4011	0.4054168848735267	0.3874511217476394	0.5773200175831937	0.9540370557958298
4012	0.6343382938334251	0.5493101265683931	1.136879766847017	0.9731389404222462
4013	-0.4599419571846019	0.2277345012867563	0.715903956321964	0.6763493531650909
4014	0.11194843640392904	0.5906652837186084	0.8021089188866131	1.3287524160759232
4015	-0.06622735668507043	0.4039119992051186	1.944046456960333	1.1402872609538866
4016	0.7895097407089569	0.6249698112787624	0.9434144485018977	1.2925621756524188
4101	-1.1883212210952672	-1.2283338098087917	0.07467098216248462	0.019121454229685225
4102	-1.821286386197492	-2.242043338608269	0.00024335720747942522	0.01524232023447444
4103	-1.8883744139143954	-2.5097910024581234	0.01591792944511912	0.0408081863007306
4104	-1.1445621468301206	-1.4571915684892067	0.15370321654631403	0.07288424820341668
4105	-2.09290355901613	-4.494639491452619	0.00026630655062435114	0.0047019921205558495
4106	-2.370214672839031	-5.445476962865865	0.04967230898206147	0.005975540927334719
4107	-1.270526722955265	-1.6315036625127068	0.1217774968061637	0.07627137426937698
4201	-0.14931226928137048	0.19802100721645602	0.6062869375757705	0.7780801717219938
4202	-0.16404422025982143	0.7462932467243185	1.9909170172382726	1.3139592620019427
4203	-0.7991949771605044	-0.10225055838948004	0.5843029138180269	0.6669110658220463
4205	-0.2559811983994996	-0.16911044782176374	0.4159679713926407	0.22166520457076694
4301	0.06155072046647703	0.2902943025428262	0.765961414158372	0.15587913589755875
4302	-0.40248292836439536	0.49588621536708694	0.4860196722413266	1.3464073172855244
4303	-0.18957493625724683	0.2908919757883893	1.3311311713660363	1.3317633136769675
4401	-0.5212263738985832	-0.8677572864265555	0.10424119444294376	0.07524601527126568
4402	-1.4099352697457745	-1.857608036119023	0.0965200584264904	0.055578927987217856
4403	-1.5810805879385696	-2.582824079420087	3.861227930918355e-05	0.022301242635909338
4407	-1.2117585275141944	-2.0510528209420444	0.02536921621457936	0.06871869146470672
4408	-0.7151584808919634	-1.2547954092548268	3.863304884888749e-05	0.10457504220264675
4409	-0.864784026159564	-1.3520004820314873	0.08474628247956102	0.11336541818716996
4410	0.08301315846433546	0.13570954110471256	0.39845536717914193	0.9439456764961498
4411	0.23245682038714563	0.4979867993970468	0.6029128598484541	1.2744433204076953
4412	-1.0472519926333683	-0.5588150372340421	0.032884377086788076	0.2582231014484393
4414	-0.3981086654817454	0.42574400067701484	0.8583706086678525	1.2598292246327705
4415	0.010687178140975917	-0.2051227678890957	0.17517785842916342	0.45444520706055963
4416	0.0514617665927454	0.3986409340571928	0.27455985735281146	1.1878429758344948
4418	0.1418896153685329	-0.288310117480263	0.41802357100061993	0.45035189003676557
4419	-0.2526342348902269	0.39275782947206406	0.6315465299868445	0.859147255664572
4420	-0.8876573792256418	-0.24335615735769492	0.40180177462832206	0.4596114884597764
4421	-0.5917550167531822	-0.34928620521240844	0.18422257551423601	0.3510784800268637
4503	-0.6813154658397291	0.1689226128575037	0.006212105935755969	0.48041616238183604
4504	-0.04194459260038196	0.497729572398808	1.959548810252013	0.4443097443067178
4602	-1.7361636045700806	-0.09514924874218479	0.2940295900648151	0.549437862765364
4702	0.7421323155233	0.7871941477081975	1.9606122453548482	4.007922535578721
4703	0.0964749194140012	0.6974997680098485	1.2267286450947235	1.9017280520345186
4704	0.8168836300855575	0.7571590658996863	1.3721800453154902	3.680551554195507
4705	0.22959063563602194	0.5735711721567485	1.612322661909327	3.5470960191397625
4706	-0.5414555443029868	0.04508287775623105	0.4521636601265917	0.5599433956224167
4707	-0.21502168667812643	-0.27558236159606736	0.31700710841405266	0.39730838676693264
4801	0.8340260389261199	0.7340833026181319	1.2183111324058729	2.334847636053698
4802	0.8822218646049127	0.5663214481383191	1.591901957495753	1.0618589056088494
4803	-0.378573679796471	0.13617032925687206	0.1835596198496206	0.7851992432670876
4804	0.134141335442705	0.26821154563109406	0.8803524266800028	0.6379556730232135
4805	0.43289042547889467	0.29246846650078584	0.6056544122972273	0.9437168594166002
4806	1.6775220573812641	1.076039031438236	4.463691265009464	3.6046130381617276
4807	0.1446920540932676	0.2998568480437681	0.5425252594943737	0.9949667342885765
4808	0.06012429941641045	-0.22577577248015332	0.3554276454986972	0.43384022847031384
4809	0.739925964230573	0.6851377779611412	2.2883309399455185	1.881258692863583
4810	0.7599154302897133	0.840920901699902	1.4020438417795495	1.9966993210116617
4811	0.5639268819693998	0.481562701199635	0.8317196934350032	1.1821334522529183
4813	0.19302666819174233	0.29840908489807455	0.4301580023516344	0.8888959224947617
4814	0.3006589673679269	0.5569996560828849	1.2394779577847013	1.1868643885558645
4817	0.21086585274936562	-0.055592639335227755	0.4688236226830625	0.551097654658013
4818	-0.02869923398873937	-0.09167498173417975	0.38788414668097376	0.5603521476808071
4819	-0.545868834667074	-0.4477222960336359	0.19265132743626298	0.33416580663802825
4820	-0.44790576730148507	-0.1586878646961964	0.39364220373127384	0.5680740185362197
4821	-0.06569555496826533	-0.11428183980034778	0.30341069718019487	0.47180062511106236
4823	0.2628408853570362	0.055014477146279744	0.5358110823570726	0.6490100413572731
4901	0.029257858282740083	0.10248481670161458	0.3887804964972772	0.5735534506753939
4902	0.6015560471758148	0.38782273156258845	0.8515123405558727	0.997611769852094
4903	-0.03656478119765495	0.44501586154211614	1.1149388914346066	1.1264776235920682
4907	-1.1706797330824033	-0.9739075327331342	0.07414885225950676	0.045541447821581205
4908	0.5733995814860103	0.5079550380651203	1.7366138177613923	1.255532515773258
4909	0.29305552185717954	0.8394123805319241	1.8764349007890881	1.9186880999646008
4911	0.6158370202292328	0.2627838891932359	0.5887993707167865	0.8057294407852554
5007	0.759345984574355	0.679497951042771	2.3845122745610223	2.0394749272118466
5101	-1.5735952393073294	-0.7349302239880888	0.17119986672289045	0.22117132167342032
5105	-1.1037809415596915	-0.3494209986137247	0.34837346960418647	0.8427229652142263
5106	-0.18583567859479583	0.6367031158437678	0.5781686407871637	1.823313310824161
5107	0.22611150783246653	0.7040594397248003	1.2378842012179843	1.9734770158665795
5111	0.3125079097597737	0.542229404506633	0.663544372649324	1.0068935669020849
5112	0.1073841394417634	0.67004033636608	1.1195449050844148	1.7544041467296927
5201	-2.6289565808553075	-7.295943249878635	0.01860339559757881	2.846124258756709e-05
5202	-1.968451765275944	-2.945480739676599	0.07580248590468634	0.0077496234539932984
5205	-1.549329476067346	-1.4652948091482727	0.15805582783371122	0.1250277701541961
5206	-0.8050734482116608	-0.2529447688886368	0.4638272621313204	0.8880273458295831
5208	-1.4213045422680908	-0.9535086778179093	0.12383803219578134	0.13693512253572432
5209	-1.1812632909032332	-0.8129073499695395	0.17290843613871792	0.2481899668377911
5210	-0.37233762583732394	0.1248319684331459	0.9647014839350971	0.9521707761442769
5211	-0.862465292347601	0.3579949078793901	0.6154156457426876	0.8864606720408756
5212	-0.9828523084180192	-0.09923945967398484	0.4063167795732693	0.7522305173652426
5309	0.5006724085096717	0.9023366230296335	2.804089845014348	2.4244366765987317
5401	-0.5112760186517591	-0.2534876280624421	0.340155297033956	0.6548311357937234
5402	0.37631832690066386	0.3075420266677727	1.10532766813568	0.9737693530066935
5403	0.24403278542860263	0.6329070840087195	1.0559639841993695	1.8886350796159443
5404	0.4870574420428436	0.47152804089774125	0.9198279340400461	1.2766218916755234
5407	-0.49028664526886306	0.24881142018577712	0.9385036790811678	0.566762092647198
5408	-0.37396911454774806	0.3240939413550328	0.7257965603906004	1.1335689138689644
5501	-0.2064034001540834	0.4514578219071311	0.7500705330986869	1.8741934625084802
5502	1.0927684197607206	0.2784557060593584	2.1062564038450784	1.3441283970630151
5503	-0.11946245583930652	0.3061800574175465	0.5392435656563752	1.4234775095450904
5504	0.22686380592287705	0.503801763156644	3.716784070075344	2.1797652994345267
5508	-0.5068230013246651	0.17760419808632227	0.6883183233086302	1.0644744178286338
5509	-0.46501239899843644	-0.3931727134367458	0.8161336935208989	0.44387916002250866
5510	-0.5193643704174613	-0.07614205505818253	0.6720145435702954	1.0074601046214204
5512	-0.34343986647294716	0.1506345827253212	0.770826135108612	0.6932859031112437
5513	-1.1275519617096932	-0.37404694950921424	0.8315377761435776	0.4953923461346232
5514	-0.4311409524923777	-0.04371256399105379	0.5658826045307681	0.510426760544629
5515	-0.7268185923023246	0.10788399417385394	0.5035767858779604	0.8176649952639525
5516	-0.7524312216132719	0.688962059199733	1.021261678455738	1.9794109574568761
5601	-0.03522288659756369	-0.24880480632718158	0.38684784317926163	0.28791855230380164
5602	0.4259221667603709	0.3726863980587653	0.9897030639053915	0.688082559488728
5603	0.9185451859763889	0.611898664980726	1.0635699172093571	1.4770060876038504
5607	-0.6656376465204017	-0.5142264695392808	0.23754214549155886	0.2084568340995091
5608	-0.8215851286494827	-0.27717483026935347	0.32673726886356813	0.3334732545279911
5701	-1.452458339204667	-0.6727849236555112	0.540673307327453	0.11294030914485473
5702	-0.9496675974885656	-0.42340766465775276	0.29124122898851873	0.343285888983095
5703	0.015336241349271038	0.4385732755667552	0.7666106603987897	1.0970083745075365
5704	0.23764468734763183	0.5033181622962303	1.4465941326467746	1.8207716435014272
5705	-0.6336197918841903	0.0786002334792552	0.6576510864238203	0.8450250318072557
5801	-0.03181479900518605	0.4575249631100313	1.8312563972948321	1.1737717996543353
5804	-0.729003835602459	-0.1828986213032469	0.4848440247244977	0.7235281383693278
5806	-0.1431162696205532	0.10960651156144038	0.7884142869625884	0.777132244650969
5807	-0.748645665409957	0.025464763635822885	0.4343342188056154	0.6812513674767572
5810	-0.47893479589199406	-0.062202826965538235	0.7121955335826928	0.4065784631429364
5902	0.41924213587866793	0.725510363593805	1.6101555178735978	1.968193854289272
5903	1.3225621038818445	0.8606684320729261	2.0976150883688565	1.8205425662446173
5906	0.590676523064766	0.3105196651637017	1.3734308061360048	0.659235196011192
5907	0.7255964537385388	1.1063340462882032	2.3032358674867486	3.0922647371716288
5911	0.9873811738324954	0.40292762627552947	0.72509285653128	1.022229209994114
6001	-0.3542859881040308	0.4395644097364118	0.9056261967826283	0.9075597165312727
6002	-0.7954205167562448	0.13867029124794608	0.5301831186802987	0.8865953484941641
6101	-1.269674380532682	-0.6348347598604923	0.18355083512185075	0.3306994792573846
6102	-1.1361390827329727	-0.7462353923734176	0.2784482303922171	0.2808278098550561
6103	-1.6894635311837218	-0.9922413621690318	0.23908502238232893	0.2796004720816176
6104	-1.462701996085031	-0.710272884145181	0.2059487527573996	0.20524520114574873
6105	-1.555610479337382	-1.1635080732201017	0.19507031225213026	0.2046854399839351
6106	-1.4787561964376592	-1.002102544569611	0.1652150373550718	0.24695735336939448
6107	-1.2950914294600508	-0.9931347447720211	0.21138619790448865	0.2522371100469694
6108	-1.1196901183187808	-0.7873857170299895	0.23514392426857741	0.19704457587048588
6109	-1.4616808538496766	-0.9516229446553394	0.20057419078493807	0.17325523256171424
6110	-1.4289056307383206	-1.0200858208450825	0.1782604876869447	0.1661482086561085
6111	-1.3910240592954912	-0.7666627030205235	0.26666982954176444	0.2897959548902303
6112	-0.8324328000923424	-0.19044772865437945	0.4450443146024311	0.32828816940785915
6113	-0.3938582530163766	-0.0718275578175524	0.45991645936397985	0.4347050003049266
6114	-1.170768696216382	-0.6639347886694856	0.17133611546900904	0.2997277045057214
6115	-0.7045961816008403	-0.39191115109683344	0.42102346262015616	0.46856112116384074
6116	-1.1894016333052146	0.06764629968845713	0.4698731313964637	0.6885477903419361
6117	-1.148982011370274	-0.28857433396213295	0.3351948172882705	0.40436884504229603
6201	-1.1908991760586547	-0.5602859963930581	0.2732112576902717	0.1676789087655581
6202	-0.9970354656173065	-0.6437197779523444	0.332951230022739	0.23781252623176322
6203	-1.2337853115045527	-1.6630737326644975	0.18730685476508072	0.07419094104186506
6204	-1.2256771627521639	-0.7425281999548192	0.2077320607767968	0.23873293528728268
6205	-1.2056206231935944	-1.1562634036640953	0.22524088656960078	0.15100116844329967
6206	-1.3010170697711398	-1.0761874616520117	0.1932847638066375	0.10878766908052843
6207	-1.4823847730402981	-1.2117230586677483	0.21134120062355896	0.11444179700000139
6208	-1.4317524627751628	-0.7051972979758319	0.20692218736035126	0.27269910875464676
6209	-0.9634416360346257	-0.9507777309530682	0.35285479223016214	0.20895557007391097
6210	-0.8049784770237598	-0.39695207547956485	0.36004245756281267	0.3666228175163334
6211	-1.1746554961950866	-0.8832071296135964	0.18805934686137407	0.14185266452077364
6212	-0.8280970153663837	-0.3232936598616786	0.3206764645033998	0.42541998351866417
6214	-0.9605551732720808	0.004717493099092823	0.4567977920228715	0.4169585314158964
6215	0.04502654252720573	0.6273829785287205	1.3385100046188438	1.6380938782869474
6216	-0.988253739127441	0.09746321265151747	0.46986980849839793	0.7106759889908426
6217	-0.5764243711316651	0.03530219479526742	0.23686805878862507	0.44320625067329805
6301	-1.3804271138068234	-0.24656387030383137	0.4514865262526573	0.5997901235607586
6302	-1.2884027713403203	-0.39792058832232235	0.17684995289950092	0.27422224468904016
6303	-0.3279009561980182	0.0856138774102389	0.5806996484921965	0.6230226149748772
6304	-0.9179486111896116	-0.2031095992090487	0.4080706502960418	0.44015677119739915
6305	-1.7152877276580762	-1.6393145787615622	0.07391204475705135	0.10158338596769172
6306	-1.0435266064745876	-0.51556140154524	0.2761630564930882	0.2738965517353599
6307	-1.1885808375245526	-0.09171478738000331	0.5276501001685154	0.5316885354150789
6309	-0.6292402956780986	-0.3735944070783493	0.08210393648842934	0.055995104563674375
6310	-0.971464738357563	-0.7632947255885264	0.15337033916101295	0.14053419388168786
6401	-0.8552706342465897	-0.6409462933462363	0.2620865093479588	0.29803279005315425
6402	-0.9519657112104791	0.06947871136526777	0.6238571766512655	0.7345161045089039
6403	-0.7327829676405105	-0.2539545000912991	0.3437436501389306	0.38186642214241606
6404	-0.3985416771292112	0.24291531603642424	0.639735055023299	0.8386094882385955
6405	-1.141300200827673	-0.03157726920421746	0.35321298582024474	0.6354050055522596
6406	-0.5888156116651929	-0.15610364717035682	0.36002423710803383	0.6356990908453789
6505	-1.0634625717879094	0.10058966388185285	0.4536160901011464	0.4303241485064335
6506	0.09751170172159926	0.7420968134495897	1.2490148629073112	1.3837874534154042
6601	-0.1583148350760914	0.6260641177681813	2.428182749541312	1.6872471059418592
6702	-0.35754865402179287	0.7097744352025911	3.1106817762011443	2.5155408990499675
6704	-2.202899464479622	-1.2349355960162347	0.2989103317472836	0.1735045508285217
6801	-0.6447101816995356	-0.2238099727186636	0.4257869667383055	0.6255480144196315
6802	-0.9038299306487352	-0.5650057555042157	0.36444264354345385	0.4873255697137114
6803	-0.24958319506253254	0.5586084910970691	1.3686151021135284	2.2698592522955225
6804	1.1521232988123153	0.7352479870841032	1.6083372561947091	1.5077044234446475
6805	1.3653340903360278	0.7551993626096759	1.5772185677329575	1.8358427067261867
6806	1.1580292650379398	0.8197851273208111	1.034107118024029	1.798196553372883
6807	0.1595858792708268	0.2560432986658512	0.3841022200307859	0.8161035492580281
6809	0.13984374242642547	0.09290168262153899	0.48464506293280896	0.3063242374483037
6810	0.22133331462641123	-0.05503222500976196	0.39981300235870937	0.4586593907559373
6811	-0.27608407980330774	-0.21726282763940194	0.42182836265069285	0.3989109969877165
6813	0.16157944095218826	0.18213816782743597	0.7546288867666402	0.8318818581151974
6815	1.0254494031929713	0.7662900500804481	2.037434918449988	1.7000962986537387
6902	0.31287176593495164	0.5686892533002313	0.20079855242051445	0.9425020446706172
6903	0.8306027957099381	0.743085620311482	1.5946147419645664	1.7625194906030277
6904	-0.3525762004584788	-0.4317953370410849	0.3227776697342319	0.4886056619638082
6905	0.15747786665949062	-0.10449979285137201	0.6668571900726991	0.5101557509248079
6907	0.1246290976980642	0.40834188432049173	3.156968973383449	1.59988560244362
6908	-0.595412656912106	-0.08025951233397233	0.5173004149443299	0.822453879201518
6909	1.107642280503747	0.8647981661653003	2.4991669177985423	1.9687199833959508
6910	-0.14361227828920328	-0.07057848618431196	0.5202119122883067	0.634149634822609
6911	0.1367014631128096	0.41070946091161015	0.9354522534254281	0.7697060198124193
6912	-0.018443943307358383	0.5187255018376532	1.0784886506564597	1.249839850388137
6913	-0.32161118686068363	0.5041187921812132	2.704148637590176	1.4472324405165933
6914	0.09799525012831482	0.5142919917310823	0.9600645450849293	1.0526134871371675
7002	0.9578525140320419	0.777233672068154	1.6542607491536132	2.1734826419039375
7003	0.17704648052421915	0.2887940668935568	0.904624137961937	0.22292192553285636
7004	0.8642537428412149	0.7527616373519053	3.8354937215353964	3.47380616590507
7005	-0.03821577032703563	-0.11945220160777809	0.5787772198623089	0.30040071814906716
7006	1.251818430892947	1.0002495616574048	3.232431775267507	2.8840342411069635
7007	0.7271096571992349	0.3851872748211665	0.9157243817153661	0.24324421481540898
7008	0.6871988966806802	0.6014985366363494	0.9951238814798048	1.4122932287024068
7009	1.2431809891866938	0.9850516239283644	3.8542715434019015	1.9325122371795262
7010	-0.42832856861345037	-0.6604552161156694	0.25292630071870503	0.15281144682435732
7013	0.10749535304038073	0.4092328253954152	0.7987700764097088	1.010444032466337
7014	1.0087482023810495	1.1472475181819886	2.285480450154865	3.9536723209805733
7016	0.5732017657165577	0.7636464284485028	3.8980247070571576	1.5429173896846569
7017	1.6952644854430603	0.9449605734138277	2.350239208534316	1.7581933642263203
7018	0.21883553276250042	0.721578354413168	2.007267681059929	1.6169227465004488
7019	0.5337183021505273	0.49051806316323354	0.12133957523708774	0.8828602133575658
7020	0.9454804700943273	0.8740311153346527	1.0955074515634753	1.7917380993232115
7101	-0.7621881920897108	-0.10529236466522317	0.31063207683559346	0.6597269926353422
7102	-1.089170822791058	-1.6507069279323452	0.0008073066501963582	0.045352846023393394
7103	-1.0355242046249824	-1.3354096586620998	0.26335425153709985	0.21287383073461252
7104	0.34777266405341406	-0.0048440553913123565	0.737504009022596	0.5198009069654089
7106	-0.48389048242415994	-0.41942871941557464	0.2661483264245656	0.4497051166584918
7108	-2.324942870696928	-3.7521346189885705	0.014052170062320872	0.004826008713960842
7110	0.9847474713857971	0.5085726089695417	1.3254594693110886	0.9114467393218079
7111	0.4662943542742374	0.4949001966767474	0.5532793652635097	1.1228330362101726
7112	-0.4304299425064094	-0.6419639203852606	0.09540200377263046	0.256151432946972
7113	0.12782716940438513	-0.049312434302346324	0.5909786993534352	0.5214832459135086
7114	-0.8673125524315359	-0.16684510082656706	0.430826711866204	0.14129248993735227
7115	0.4791654143873033	0.9421622734520773	1.8196889217295114	1.911991526110448
7116	-0.3879744941700008	0.35248135683752563	0.4148309972191077	0.6443545201475218
7117	-0.3576836247327473	0.10668416251909232	0.5656657883362067	0.5888976790788102
7201	-0.869045567418617	-0.34290008336395084	0.343250026943103	0.10897472015821781
7202	-0.9244562229843553	-0.527411849845844	0.059474575620496614	0.27625672158230696
7203	-1.6719415901447199	-0.15988349225911275	0.0018390822926934562	0.35662960542630706
7204	-0.8163771836495111	-1.9676248937142466	0.04174583540569706	0.014907907923770478
7205	0.5889395038021749	0.5716786788713211	1.2192323019089268	1.4053658244081257
7206	-1.1294960584026763	-0.3495573042686511	0.06653874820570709	0.24446801335846638
7207	-0.4754308447585164	-0.039651807653777175	0.13348615195243047	0.2560096602707625
7208	0.3092155540046851	0.09176543608961646	0.612983131805261	0.3469092716299283
7209	-0.17701493308320346	0.3744464757768845	0.37495757124420853	0.7899340026341001
7210	0.1257656127580491	0.27373228973719493	0.6058881170522896	0.9694917714458832
7211	1.004169581697894	0.8656773926957259	1.415685948717961	2.288378418599286
7212	0.7899682371534493	0.6894340398027434	0.9492968993806105	1.6165064922511332
7213	-0.19025993380522355	-0.2716995411814621	0.13866031899552503	0.1794777303967301
7214	-0.9737824640139057	-1.0866383315420702	0.16975777943008066	0.0954060006739307
7215	-0.18083202962997982	-0.39118246613251567	0.18778321537611095	0.18536264906135122
7216	-0.21518708968613	0.04127019757901373	0.3266141126928947	0.6603712363631612
7217	-0.261677084662371	-0.023042725328137555	0.19431411229037315	0.39146295567613765
7218	1.6182128642170455	0.8788225242048893	4.917855104643345	2.2327918917673473
7219	1.3428761222154402	1.0600467329869678	2.195957983412552	2.707285550691942
7220	1.3990089159228636	1.0026418853074237	2.5701808316262036	2.6532432215685264
7221	1.0037552162647352	0.611648895439188	2.133763667970815	2.136124046873404
7222	1.2035810096736759	0.584486763695701	0.7731411162152891	1.1355908779412238
7223	1.4377238339689482	0.6864562265349837	2.185263067378083	1.622444782371736
7224	0.782865383084316	0.6986747173456976	1.1226378422678684	1.9489234330149028
7225	1.549798358331067	0.9494091033738411	2.458409972946285	2.7670843590118097
7226	1.4550230666304413	1.0358095196771833	2.0428570543127504	2.870076070301466
7227	0.4265447114331591	0.7397025039024147	0.21283459173642127	2.192587545207934
7228	0.9722587285158779	0.5536461178565707	1.215117036861399	1.237861412143586
7229	1.4777148862525686	0.7030682267970452	2.9163235745520426	1.692197269556698
7301	0.10059450684681355	0.24833913178109293	0.048557317665469585	0.6048357553227337
7302	0.918168536980618	0.8575365176077575	1.4333593649078051	1.8232416506578202
7303	-0.2525520753145238	0.19569828339352063	0.33141364597084805	0.645591639162119
7304	0.9014191067997772	0.07526512533934737	0.9353690678775552	0.3034918455107709
7305	-0.05512085181767166	-0.18007398396730379	0.5994589243204613	0.265564934922171
7306	-0.5314500999014838	0.10944212846644374	0.2905014924582553	0.6810333832945485
7307	0.9015557632589984	0.6293097949871393	1.0539082687248478	1.0173491386734372
7308	0.2872889067016489	0.29103770991029354	0.4954739647229447	0.5992483107543005
7309	0.22217028709030331	0.0031449982532833006	0.38386449516993193	0.42387007100445817
7310	0.1077089246719854	-0.09286609718873723	0.4086695234677982	0.3891231716338241
7311	-0.27487945866202795	-0.17381861856402805	0.2977968839897935	0.2970327025635352
7312	0.4078041856900839	0.3824599072499237	0.7999877210730605	0.696404383832792
7314	-0.04850759098519214	0.3078822094818618	0.4671297138146354	0.9225093115986466
7315	1.0146693563409093	0.9370730031576321	1.2425358026363515	2.0200018176756944
7317	-0.4951924934419462	-0.14410827344257843	0.22217372799002091	0.18389356097499301
7318	1.4148478148171253	0.965352344118691	2.514461882313789	1.9583248154517572
7320	1.3023852465429229	0.8437540164913983	1.7093086674460614	1.8238513902883138
7321	0.270211720770232	0.43082949448429275	0.5968378812381887	1.0003298716881497
7322	0.8691518303936223	0.6696781221051789	1.176100022487734	1.5777113042663176
7323	-0.04583928632097599	0.4837656539734171	1.7290562373650018	1.0576804008457654
7324	0.46972851313438196	0.4517629012123422	1.4888148215761958	1.1041607070362232
7325	0.2586569548917194	0.09730802479208943	0.47235374583542494	0.5976644407816692
7326	0.7823899998714855	0.4008902201870325	1.232773699896743	0.6478570595421325
7401	-1.312204362530249	-1.4456698480315524	0.11689466581138086	0.1300717184788052
7402	-1.6593479036626613	-2.4325285864572486	0.1329284818136336	0.12160188811266827
7403	-1.4188197234399018	-0.7373966094077624	0.11270189379032507	0.13345360239432572
7404	-1.0259109780224074	-1.7645960822124072	0.04225152367541717	0.03869907131814983
7406	0.40795587030214003	0.3291957134108418	0.3821965225977519	0.18420847843465102
7407	0.06918319281903065	0.3072088683335822	0.650062322296862	0.9411703894633991
7408	-0.5032986447831146	-0.04177543116805083	0.4841570292755767	0.7250921206473989
7409	-0.22309793666249692	-0.09486822337589475	0.6067826715940328	0.6654209640446872
7410	0.739791247451155	0.5690388665076416	1.898841932664698	1.2910453388345569
7411	0.45598572498794704	0.683214820506825	1.2917943188775944	1.4790890466025115
7412	0.8646211934894581	0.9368004999031081	2.239271760536971	2.121587305373769
7413	0.17192369383335193	0.36597761765213593	1.0852474161106147	0.9077254983482836
7415	0.9852751594449427	0.6344148628518312	1.662522926324524	0.9277928357875452
7418	-0.07825637935052922	0.4648279382836603	0.7213384135317584	0.5734201149896709
7419	0.5218732686653904	0.06860938574492752	0.22886914909943545	0.48717269197298063
7501	-1.4259405660772866	-1.727222951360511	0.19203029016209655	0.31616623881996875
7502	-0.587033454907239	0.14136563005580122	0.22317855006350032	0.36255860345220003
7503	0.9375586766116286	0.37884848851568936	0.7830589244618924	0.798326920179933
7504	0.5585212196366526	0.6625941825722595	1.327501400690927	1.2574944096376537
7505	0.9277456239258766	0.9025856344478187	1.8730444683459744	3.0926973593018294
7506	0.5952194873915979	0.739911467310261	0.43587820015501666	1.008066890717053
7507	1.9010380721627622	0.9326230004271907	5.90024828464921	2.577304733364468
7508	0.14096150850539502	-0.08199696579628507	0.5134650404210241	0.13417216072265137
7601	-1.0677085946447635	-0.9305928287362449	0.032323147006955495	0.09620397956624538
7602	-0.8254287375017031	-1.6278152588745198	0.04519660061562294	0.0542651721819812
7603	0.6902556652917422	0.7204045938110237	1.4889942336455058	2.1379975333469883
7604	-0.11747955494103528	-0.15437696377472482	0.25429618209762916	0.3555829871212306
7605	-0.7509272064436101	-0.360652327765603	0.09549816388187203	0.12413664854387214
7606	0.6047498050752372	0.5615767437461595	0.5228902053413543	1.381176125112559
7607	0.8714077635919592	0.3952258740138611	0.7482765226028913	1.0022979982089013
7608	0.6985422482865973	0.5823159899962219	0.9821677722530227	1.2895284435236471
7609	0.3090944902005379	0.5686068816618243	0.6088871722979684	1.092847159641285
7610	0.4273830757038379	0.3340397971795949	0.41561767133286615	0.7953361588349158
7612	0.21882626723483875	0.04670199242875689	0.3970916283589359	0.4666321207791961
7614	-1.0737188576452517	-0.47156518040610734	0.08101395048028487	0.40141694249122706
7615	-0.22282180729865977	-0.23598015246463458	0.6039795909243937	0.3446806737036076
7616	0.6861313520690637	0.7596913687022578	1.201488774587573	1.194593196609798
7801	-1.2538315142328433	-1.5997248430009785	0.08199404016674101	0.06857297400370015
7901	-0.544980384650515	-0.6634443921198208	0.3699625485378322	0.046160166615928235
7902	-0.6031972088227239	-0.006604532920184989	0.2276158515878203	0.5862463156757143
7905	0.15198825217475975	0.486408341647645	0.8768562783095236	1.7632097847454367
7907	0.32343637553113036	0.4614850268475142	0.7401501889464139	1.2652283945712512
8001	-0.6661570952039555	0.2691780945145345	0.3680634019017695	1.7027376740719766
8003	0.5573661506056226	0.44684133504605356	1.0328949652173052	1.492269136914076
8101	0.6967995650109878	0.5701927911324061	0.6545399472087665	0.9196486770774062
8102	0.7458827658447411	0.46837736952122033	1.4607007051296468	1.2960206760464563
8103	0.7625901127332125	0.43094931715047413	1.6088771044820926	1.1316445865061566
8104	0.9746027896636782	0.899993717078146	2.2068079814867905	2.840907738292364
8105	-1.1514533809993523	-0.9065885756190456	0.12824842572008782	0.08518819999812538
8108	0.7364495816311639	0.8777248090237989	1.8096254394632783	2.288172895060861
8111	-0.3944969097942394	0.4142394933202177	1.3717360476355727	1.381201929063639
8112	-0.12352682135131672	0.10545212498690752	0.6961490228993831	0.6962984704464248
8113	1.7198237137782548	0.8742638981418155	3.338070719229752	2.023869296613489
8201	-0.2502876602984945	-0.0046898308853377335	0.294530901912591	0.4580241683792535
8202	1.2230308015269022	0.9773091404682327	1.8036477232192192	2.2814996396101055
8203	0.4095969328175222	0.2775701802555951	1.2742039339755287	0.6930766681328432
8204	0.7233061165856964	0.3849097773625572	0.44495976671838483	0.25236706457017066
8205	0.7344490688469232	0.4689103089851589	0.18630841859534744	0.5864791936829751
8206	-0.24625746944063762	-0.0016603934545707305	0.19124656999485734	0.11392955137337751
8207	1.533461112461036	0.4634174420781832	1.9361538224632497	0.7136859930607002
8208	1.6130554882439219	0.7026080162234105	1.9195506340730548	1.362201129367856
8209	1.908620429635833	1.1292422340158406	3.579949840540621	3.532489382846282
8211	0.9053533290699176	0.9946662584771291	2.31349913968102	2.2080815915067644
8212	-0.005890829257303542	0.5718479921385347	0.6483898932191696	1.2378123992739263
8213	0.8137652702854388	0.7081257612630797	4.937712957989205	1.6197816536000635
8214	0.6394639967165389	0.6786056276869733	3.7526925084013945	1.1803883631156666
8215	-0.14143435510206023	0.8231358415091652	3.526219399070657	2.0509228072034014
8301	0.6227928919914396	0.6856928709885938	1.280886333944144	1.3367955294338576
8302	0.9652086415058765	0.6953752730487517	2.0395458638623443	1.4132774330129876
8303	0.5164383593118461	0.5698528422785608	1.4714125852155884	1.2165831814883559
8305	0.6017309110208873	0.6864775882950979	1.1887814159563477	1.2052267392116864
8306	-0.649452862525058	0.33547792936163484	0.894109364129522	0.2986506447952989
8307	0.23121441682295418	0.5688822386874224	0.2233783438908125	0.2925520807662813
8308	0.36458098042414283	0.5522961301523296	1.0180363138341004	1.175931229792187
8309	0.01094330539185321	-0.10455657563836793	0.2635653104965244	0.4198073640078143
8310	0.2878009449427597	0.42753031354438714	0.7474956761239353	0.9255872735120454
8311	0.3710624448850722	0.24038424624576502	0.553481593271881	0.7147496445326766
8401	1.357057483697757	1.1135041250504667	4.406792580839027	6.636440481905565
8402	0.6429978429852279	0.5417895630853897	1.1381821144798465	0.4322179334010522
8403	0.7520570961310566	0.7234386060974951	1.5689844912902662	1.9859423676519081
8404	0.5584146334845758	0.880007052200596	1.5430229989927347	1.6912594643181615
8405	-0.098262233676132	0.200368364044001	0.1970746595818967	0.3429543311830329
8406	1.6128273331456526	0.584989771668871	1.7958256344813892	1.2002043443511075
8407	1.1786446880879229	0.629038924457623	1.5216437916808971	1.330801725743008
8408	1.405546027077194	0.7782376600990097	0.04009095555730813	0.8693903044048807
8409	1.1567343532275614	0.828513628222042	2.0531437760808204	1.2602627462456757
8410	0.2778319384189544	0.05820491117648069	0.6172913807353323	0.4580889828142432
8411	1.0157308941036833	0.6918668488797259	0.886913930236988	0.8971622306806295
8412	0.8546529719005036	0.7556266887921327	1.0625315696056783	1.1172753194459504
8413	1.2612323346523333	0.6377287685227466	1.721039398477649	0.9700886635913107
8414	1.5761154153062236	0.8409370153771918	2.5138041852563435	1.0955650431539936
8415	1.1352554873473566	0.829925212276239	1.604736312505869	1.5770595760304196
8416	1.5220437741444017	0.8430679800506798	2.9607275049066626	1.4656931971454878
8417	0.9139993956359328	0.6064014237657573	1.1817894267401985	1.1936048444021141
8418	0.507999985367439	0.36436061891382926	0.8712893366115729	0.8706984605486014
8419	1.528813571034175	0.5424226831757105	1.7471574079973469	0.8603849995072026
8420	1.478561363809162	0.8369311073649564	1.878841292446538	1.5371788725618474
8421	1.1063706271596574	0.7053085526883537	1.5100225888652354	1.346487620264303
8422	1.4150079375798201	0.8695864551757805	3.7565387185444505	1.5097218956601368
8423	0.767560785092268	0.7181185733335238	1.4484429699842813	1.21115442638408
8424	1.405384560174832	0.6174258139958622	1.3292491168190814	0.9816891894032426
8425	0.8594711941269523	0.4570952736015768	1.663994680579175	0.6342153301024454
8426	0.2628675477849663	0.11686146921525213	0.26681482813911855	0.3928938974023996
8427	1.5870633851812412	0.9086047822361203	1.756266996186309	1.5001299585278123
8428	1.0528701898115762	0.7031283855815663	0.7759046128874149	1.1035315408078976
8429	0.0467619339206842	0.5552937287152103	0.2111975165731893	0.8429086774092118
8430	-0.6933780187307695	-0.22485183690854102	0.10748676374250044	0.20666338077112026
8431	0.6791683579235812	0.08468527624159501	0.34685890815568027	0.3434514955512478
8432	0.47026085281468055	0.45600055481674706	0.5711309067767028	0.8338188538543897
8433	0.967462939471018	0.8477742216179432	1.4564566222936781	1.7752554003760344
8434	0.5873014095549716	0.3080602676394604	0.47988872514877895	1.0705918101556184
8436	0.6938741668402647	0.6540784266446479	0.5265732117085724	1.3550338902351018
8437	-0.21766461744006665	0.07224547009776085	0.33115352397204034	0.6076958932283864
8438	0.3545924516847147	0.36062488347272137	0.29312597171217125	0.5083316643253996
8439	1.7397301449553464	0.9191445476170013	3.8657518185564768	2.1351998050920584
8440	1.129084954855351	0.7494156576021753	0.9654749122055584	0.7612851141905596
8441	1.6736305255827255	0.7886768185873638	3.6493262421244865	1.6313131375047332
8442	1.146871326011565	0.7557579060339579	1.8195435184927875	1.4641811443747628
8443	1.3264670483313843	0.9195999740735512	2.8406971553779488	1.6297772608218295
8444	2.1992690008696223	0.9864493340215574	6.9858761685500586	3.892344260550024
8445	1.0107926475244877	0.6949745281863938	2.6962119356445147	2.144625690441715
8446	1.3175894202141007	0.7578299245804139	2.405081496883968	2.4042510918550826
8447	0.8583923433372781	0.7229058327149944	2.2174113576871024	1.6954187946613126
8448	1.3198258062757824	0.8491946223033823	2.472674470228194	1.5010950081882577
8449	1.1291221561373512	1.1974184415143716	0.6324505238215855	3.5748107622474654
8450	0.6705868334046197	0.6426051503552758	1.1987457934565842	1.5523603330554219
8451	1.3292830780776712	0.8961166890546459	2.471018874543494	1.796848177503847
8452	0.5301739860661447	0.32761246465074256	1.8839073105134703	0.9008034904583179
8453	-0.18253772234177984	0.13309528833351153	0.8403971981700274	0.7386576785706673
8454	0.9720208700188447	0.6123462342033688	1.4535702099065908	1.1706649731168548
8455	0.7541552097603482	0.6177194127616484	0.5882172181181496	1.1174207745080023
8456	1.5769546741065152	0.9070645085602337	2.3002732569316158	1.6542196158244242
8457	2.3281581631891246	1.1465586896248057	8.333116161525005	3.6834353827741806
8458	1.323364085179928	1.0312091088562005	1.8502079008134638	1.987241233019965
8459	0.6475485471871639	0.3577120197311703	0.8182505505263066	0.3986864806989128
8460	1.9657693532221612	1.0235154737876435	4.8903295319278834	2.804473793385133
8461	1.453135914730377	0.8422653417760377	2.939407863279986	1.5969918865110642
8462	1.2634496652673775	0.7247291111409723	1.8563464082777301	1.252246085432478
8463	0.8521340968374757	0.6035559267428744	1.5532776531335015	1.1548444454757867
8464	0.9560619809804058	0.539333072886668	1.8097561833373748	0.9839508633167383
8465	0.9099671894708664	0.8216292729111757	1.6148666951756379	1.4813865096585432
8466	1.4705547532566645	1.0137993435135157	1.9944367423188527	2.2258157671544385
8467	1.3944887443554193	0.8405028015120429	1.9632150710589058	1.2136127015012408
8468	1.2129844872593514	0.35115860983307046	0.5872203282457734	0.49246116956203506
8470	0.355586257238763	0.8336890241447199	1.7235015448359305	1.5434246838599912
8471	0.9906162515964212	1.0473996862210466	2.784935096498131	2.408268285590285
8472	0.861687266915445	0.927656776368518	1.1706318902986452	1.8324187552700097
8473	1.0928004572357661	0.948975435719623	1.9696821700498377	1.3252281210249233
8474	0.347041623070821	0.3100307459212222	0.42969694230047906	0.7433913705332074
8475	1.2807629056849772	0.8612103265385757	1.34300410524222	1.9354595329135538
8476	0.4849263945949048	0.699666012796308	1.2103786250114383	0.8936530755109127
8477	1.6842648559531919	0.8231454730180363	2.600038111720989	1.6486635234619855
8478	-0.04641406348461173	-0.04679858371806591	0.503248303623671	0.43212152835711265
8479	2.0480409160104918	1.0408753877989765	2.934299816858329	1.9769760859613947
8480	1.3407687430932689	0.7767137764364591	2.080759314102659	1.5746722659898325
8481	1.72906808597276	0.7453347351420118	2.5141777346809477	1.2910570251616726
8482	1.3354524778487729	0.9043238796493754	2.2831848137664696	2.0997748367536193
8483	1.5703349736608854	0.798239376599426	1.9723133112586637	1.4628526668437452
8484	1.0748659259012334	0.3820210559091548	0.2183372232289402	0.2524982537193685
8485	1.2409904521593702	0.5078515912840336	0.6056798102300723	0.4327303185830297
8501	0.8338942525478364	0.6168102385863743	0.919901879326359	0.9761094201773387
8502	0.6160784514215468	0.4755940214442543	0.34882634384406125	0.8843235151048132
8503	0.9531934369070152	0.5437999605580615	1.1965681677240532	0.9688268961209632
8504	0.7365965819974396	0.7470578846508622	1.2619654939839238	1.456654634535554
8505	1.29333124173236	1.1037193550552948	3.01026317496236	2.7962216544962653
8506	0.41356154399429496	0.2534601186989361	1.0439064614700935	0.6101815272482389
8507	-0.1449501812365063	0.25086813610396924	0.32296858242221577	0.5615722509367747
8508	1.0783552836269672	1.0214253874895325	1.5047682228806267	2.150358866078994
8509	0.8099886454666161	0.8412422165522511	2.6355792984248936	1.9520318873268132
8510	1.1814704256758732	0.927781101026772	2.972875815053536	2.646150130517329
8511	0.9857365794855323	0.7347838629157464	1.2357394038928124	1.0849041252609157
8512	1.0748920956703063	0.6723427700063217	1.520860946779362	1.049180876627899
8513	0.5417455131081331	0.7616883174132871	6.050269182863824	1.981850960053722
8514	1.5425737984810386	0.8423530154466327	2.6628804455593884	1.9079002270507153
8515	1.3520615975287045	0.6623111607096888	1.2159822941940606	0.9096142738598851
8516	0.6931342492884288	0.7378938409451877	1.689207723306696	1.2566966135039914
8517	0.9252152520184403	0.9555013832859799	1.7425938764088222	1.9727897519356388
8518	0.5077810000734942	0.9553635912580468	2.214229541400524	1.9719847205193404
8519	0.8848791260695946	0.9464158254558713	1.4332293647431764	1.402880874218197
8521	0.4527684057892957	0.8065587796564111	1.1860977736827198	1.4905279357105556
8522	0.6408402651028765	0.8626993620999136	1.9102635474597758	1.5240402928039616
8523	1.4154511204682398	0.9610767582437201	2.4644386398631886	1.7554914093118819
8524	1.5439777979397282	0.8884460816896839	2.832593182908791	1.9283690871875607
8525	0.23907321661132871	0.881281445074124	1.153471312203289	1.4965490778202883
8526	0.6855115120263529	0.4507336766960468	0.6409814862076197	0.8241195035232725
8527	0.4500291616810242	0.7866305402417582	0.31705791680929507	1.9568380308619486
8528	0.5347051268229557	0.7880673039357087	1.9312600225513148	1.4342201306215907
8529	0.44579433353598996	0.6399974200586701	1.2178091610412898	1.0220478589592787
8530	1.1204103371460123	0.6744000423424011	1.2226908495900657	1.2506690422732958
8531	0.7585376663731006	0.8480562796356957	1.2011071807527431	1.5036341966636324
8532	0.9213928763456546	0.7204359145844454	1.8170280239009575	1.7053185329191818
8533	0.9354888253232225	0.8473934970466543	1.0750280616749899	1.8410685934839401
8534	0.9598723100234376	0.9462456437475367	1.722100222780148	2.0638970934132366
8535	0.5854779404891989	0.38971125673978446	0.7276217767708387	0.6875236270293766
8536	0.8695538534399728	0.6014873386379243	0.827039787936234	1.1529710458496738
8537	0.9209446482945399	0.5342484054000132	1.2801399790604482	1.0892572135607972
8538	1.2128568240618476	0.4876345469510867	1.3823262800414589	1.0797081463515439
8539	0.6315953722358351	0.679800670495409	0.9978192033792531	1.2494850809224782
8540	1.1094220085167963	0.5774230429503096	2.600754084907273	0.8826333088804718
8541	0.8257303318210325	0.8686946124750721	1.8919772962212515	1.9038203192961978
8542	0.9706074402665508	0.8766361590340661	1.5878956225190124	2.321526201445219
8543	1.452339149744229	0.7340962466488852	2.5545341199886518	1.214978618029848
8544	-0.4075124485433076	-0.11705304912660215	0.24327084192793766	0.4868861209590195
8545	0.45220646039448054	0.7768511609802466	0.7197758779020821	1.7790494678817443
8546	0.885503552710364	0.7339010007055604	0.9717790613952711	1.5093912535478835
8547	1.0910560737528794	0.703915409409743	1.6160088443532132	1.5348060345278214
8548	0.9930922047462243	0.7322100019473692	1.8955114445831447	1.0975074522362862
8601	0.482577782460289	0.4566780224929135	1.0218265537049893	1.8305445637586386
8602	-0.41219596180782153	0.24177027390790215	0.4190083836971291	1.0860307289562858
8603	1.2179040856065284	0.6776213792164099	1.6997453899387214	2.3153699777374
8604	-0.3040326419947423	-0.08760840291767137	0.17670207863679027	0.5345124875774325
8605	0.8987193541724812	0.6594274264018107	1.8247282936615075	2.017757144367824
8606	0.2624168192795293	0.4178515199615754	1.3261503301249324	1.698378528595951
8607	1.0148184832832443	0.8734458542292666	1.1668196860869955	2.1017668225235946
8608	0.7481265834049248	0.43980426287872687	1.0938194335857212	0.8767023890671237
8609	-1.3534230496410193	0.03212121623679821	0.22942695275920216	0.2775696446358247
8701	0.9946069823556966	0.802749007806899	0.8520366859387856	1.614436788187982
8702	-0.22328562714396236	-0.0008034739738702041	0.39653661769523624	0.5870030382777175
8703	0.4845902279138222	0.49676172782776756	0.803588606009825	1.1130324044423967
8704	0.5627018179317214	0.30765240568763996	0.7406176109549205	0.7480573354534761
8705	-0.31448019797073223	0.42381712671394733	0.24150309791164012	0.7046558841683549
8706	0.873342938599231	0.8377041993834445	4.831013222799356	1.8464652329058924
8707	0.9842502556697701	0.7548797149592338	1.9157200290392398	1.9994427119145153
8708	1.356706108584007	0.8575536648446366	1.9035130758352914	1.6661693512111468
8709	0.43568010789330747	0.6939258760978843	0.34440476968033057	1.0361999364416816
8710	-0.35242427654996317	-0.30700084015146795	0.18736019608141016	0.20801129372808497
8711	-0.19512946982649734	0.37951517025927056	0.5880060181776182	0.7831418678678143
8712	-0.030485157613128932	0.40544821360840144	0.6493102086043764	0.7178624170616964
8713	1.0720916583343179	0.8994022286074214	3.036891573605197	2.6330551068218475
8714	0.6003416627726589	0.7862012577320957	1.3647219596256932	1.7129788171953646
8715	0.38058374295649	0.8626384979619249	1.9625339807015967	2.369526597486144
8716	0.497269294229978	0.42608442588736956	0.67555367170081	0.8660457631987172
8802	-0.4724320272492266	0.28123793941557856	0.3408753517530429	0.4584776673744696
8803	-0.01774505536056308	0.15570726964025336	0.4205942178988175	0.2075269538154164
8805	0.6506025418722085	0.6349390621426758	0.8293897682195058	1.7225549164438048
8901	-0.5833265616701234	-0.3760002276114653	0.0007883412541876105	0.03294486088768408
8902	-0.9153913090194942	-0.5946338878641971	0.20809517632806368	0.16790439671076288
8903	-0.264935490440162	-0.15258557320812305	0.05197725587375812	0.07934074941344457
8904	-1.4218156482756201	-1.1786830269931337	0.0007829633167210805	0.02861502494261049
8905	-1.7629668962691167	-1.4289643001303394	3.686311630075354e-05	0.028741944589653238
8906	-0.8112384462279186	-0.9043239815239874	3.690376039057069e-05	0.030054601956965476
8907	-0.5860971651787786	-0.4612753885653462	0.08212179147169489	0.07481724713122169
8908	-0.7366364833468506	-0.9943318438325706	0.04311840596204853	0.0628575080787107
9001	1.0662035906829594	0.9694443303052318	1.5824493911253628	2.200876716343191
9002	0.33878183377550647	1.0103015005659792	1.141729106922165	2.2903726461552987
9003	0.8519387815528826	0.9259064101861079	1.7340332244870047	2.012199917058655
9004	0.5011008667641923	0.970479933349007	1.9102307610086222	1.8576553703947412
9005	0.3766021201879283	0.30738496625285483	0.268837816385604	0.19685791866263042
9006	0.601988576486033	0.5050306819336302	0.933187982775701	0.7586041507458416
9007	-0.07781573741066876	0.17137972677029908	0.215169745546318	0.5886248428123282
9010	2.248048955189618	1.2118949128791439	8.369556187991762	3.519793216242686
9011	1.3687290325171237	0.8796637125255348	3.0203403401956734	1.8480173953834256
9012	1.9896795723948502	1.0521780517242745	4.484221231301035	3.6498792928851382
9013	2.3447584703628275	1.2375420274735227	22.228499290784683	4.474514849773348
9014	0.47526581056844774	0.2311485652197971	0.38170244832916383	0.5109081765956285
9015	-0.7180121254266637	-0.5611263753597345	0.08502155276274155	0.12211857633742468
9017	1.679069187534745	0.5498895261848795	3.487509881262691	0.8388556738946822
9018	0.80471615323434	0.72312669599801	0.9280328971743482	1.2045396919036016
9019	0.8564068981137636	0.7801802233894012	1.3731999984460677	1.2812293276159836
9020	0.9156787165589348	0.8114451614878156	1.6481287655756902	1.1788405622712534
9021	1.1217862368349303	0.810619792328326	1.1422459646546461	1.7532253593722291
9022	1.7685662415220886	1.0947968771870316	2.026979934568121	2.131537062258232
9023	0.8066985448709162	0.7885079848578725	1.4645318571602235	1.0809559845043368
9024	1.4034845540228933	0.5779109508759429	0.7758790686360548	1.041608664585855
9025	1.1111794200325433	0.7517022752560071	1.2127510779696344	1.0191382344645392
9026	1.779727541577968	0.7404416219717551	2.1137135935872906	0.8716557687479166
9027	2.051774770330039	0.9967814261971112	3.2365043088671346	1.942614671132949
9028	0.36508759436306143	0.5637011186639229	0.85321946283326	1.1138389109597557
9029	1.1723831031753635	0.8764645366719824	1.5248226589785447	1.9094051316800826
9030	1.7293821937352845	0.491152070906384	3.320537482861599	0.5501527274502644
9031	1.5943051045960104	0.8847771182961673	1.7072433807715568	1.2235839193525753
9032	1.29036978838934	0.9745255195470602	1.4733201459794925	1.8011008715841115
9033	0.7226286771058462	0.5201586735362265	0.7571853712734827	0.808699857524746
9101	0.24507176643083503	0.5779231499160269	0.27169628747422614	1.1756574438459724
9102	0.34598036383193326	0.6882932464175431	0.4967587627942701	1.236833671859637
9105	1.0076924817114068	1.0826557649372983	7.5599506106481185	2.79913617505677
9108	1.7821706555591488	1.1697258309734895	6.058454629149455	8.341295999207812
9111	1.0687487108359983	0.8511619900918782	2.9371290464120334	2.481137826279458
9113	0.23954724354318754	0.5845603184290691	1.4526091846918037	0.8724668798261968
9114	0.9764458716743267	0.8249592764884901	1.8622880943186306	2.3819038030646253
9201	1.3695085855542404	1.0037206186096497	5.422068074061169	3.325475985502066
9202	0.31170103047256936	0.9330743011777411	1.5394692001072583	1.7236429081247961
9205	0.8757878198856317	0.691317439453323	1.34999369613398	0.6079368432588468
9207	0.39327470546597854	0.8053334828021915	1.166576594874194	1.6885810572778224
9209	0.9359719150729177	0.7008222569275551	1.0635057776572394	1.1464455686122832
9301	0.17219715872271926	-0.2524495999883254	0.22971807419492973	0.11496940370749605
9302	0.2205751063549536	0.29487507274109626	0.23124539699037527	1.6342504787259269
9303	0.42348326188236307	0.7420522721959828	0.8968149123187479	2.1668845703879827
9304	0.07355744705183039	0.3427995427767281	0.3416476163179198	0.14949541244299344
9305	0.7010406887919642	0.3153427962369378	0.24666494916855639	0.7823618297019832
9306	0.1824578797966663	0.5500000865767437	0.2568918326738455	1.4758944484985492
9401	0.22789097975596082	0.5447410078914845	0.9710420314889635	1.129121238422241
9402	0.7838345902076432	0.7327599042142934	1.4114059274082116	1.5784648495166782
9403	0.3419761656888821	0.29409589986249063	0.9201477668707138	0.8331541804451141
9404	-0.42779828998443375	-0.08064259233747509	0.40937551465643607	0.5553768686708352
9405	1.319196492037416	0.8234120880839504	3.4569333497437715	1.6568081094342653
9406	-0.03718645140511014	-0.17951072759321907	0.25830446589598727	0.3160592237294733
9503	0.13778250614308163	0.6258474010511325	1.5621214118064768	1.2082168785319118
9504	0.9263721678027602	0.9620671926389841	1.8131759738893454	1.9139390787626962
9505	-0.3338445027489939	0.5306330243792188	0.9589509242224039	1.1896713877952916
9506	0.34337985429400175	0.4927821274797111	1.8846529381472183	0.8157127500417644
9507	-0.1324966708263644	-0.03574159386549194	0.47750763870215923	0.3147862213453889
9508	0.6895890680704114	0.6489691751582525	1.1051856937934132	1.1735183959301443
9602	0.022719867538811726	0.2526665823672477	0.7733619756330786	0.8448510320750633
9603	-0.02035019945941474	0.27608787314010513	0.7136691948505772	0.8727509787285501
9606	-0.3246643237325326	0.27685936429069924	0.6123458523516306	0.6514620155497578
9607	0.2164194397639474	0.5177598314250217	1.1825876248389091	1.3940289267685833
9608	0.6916432189600901	0.6476871929707786	1.3048900746191503	1.5680403686381155
9609	0.05705368955290298	0.42901965226163497	1.0406478157501138	1.4492029005973885
9612	0.782529948241123	0.7404100273647253	1.3390661540893702	1.6245157910760024
9613	-0.018291771335339328	0.6417685396181584	1.5576341790841604	1.601849987796006
9615	-0.016590996313878042	0.7154752727124136	2.6271671939643495	1.6566412792363594
9616	0.8567406059594195	0.8894724302744272	2.5321547509128384	2.2233172099103693
9617	0.451535911876841	0.8417885257711719	4.995424212749997	2.355988872967179
9618	0.25071347576602965	0.7886113536172948	1.4285521962493701	1.5441568379877006
9701	0.7577875146920556	0.7047539429107287	0.32536196348326885	1.2192001853232195
9703	-0.0634144833844441	0.5490699030045075	0.482099606780938	0.8582652993240439
9705	-0.8092785108416968	-0.5047317704504597	0.08299711561286821	0.2265433882082125
9706	-1.6490342865554337	-0.9111821341951188	0.027101517441491203	0.15803023215336112
