exporter	gdppc_start	gdppc_end	gdppcppp_start	gdppcppp_end	nat_res_share_increase	export_share_increase	regqual	govteffectiv	polstab	rulelaw	corrupt	voice	diversity_rca	diversity_rpop	eci_rca	eci_rpop	fitness12_rca	fitness12_rpop	ann_rca	ann_rpop	var_rca	var_rpop	moran_rca	moran_rpop
ABW	26647.938100985	29007.6930034887	36444.2620573183	38442.4138382323	-4.067508285639999e-06	-0.042234407684966016	1.35282218456268	1.153897136449813	1.2566033601760875	1.24627834558487	1.0896207690238948	1.2775	35	267	0.1225846517121906	0.8387878925619124	0.1035066620122053	0.7454918280915097	1.276049731521405	0.6545593396083399	0.3088101407987463	0.9488284105077368	0.0065200532765317	0.0074015387677544
AFG	613.856689167623	519.884773089339	2069.42464180385	2058.3838315796	0.0016265881397041204		-1.2612558901309976	-1.3812381923198698	-2.4627596735954302	-1.6456894576549526	-1.447653114795685	-1.2475	73	20	-0.8652560852232174	-1.6565643472289298	0.2058333574898057	0.00358234280811	1.130573871606538	2.0463436253142464	0.1478939533191088	0.069056757662982	0.0230117154994536	0.0004273481231147
AGO	5408.41049555432	4095.81294155857	8179.29600657648	7310.90173803536	-0.07228571306277999	-0.15690931198326102	-1.027559220790864	-1.1225069314241414	-0.370756469666958	-1.230242401361465	-1.34161612391472	-1.1175000000000002	8	11	-1.2055062760775794	-0.984399678912662	4.41029806448811e-05	0.0011160585472759	2.524447044986547	2.0982736370674013	0.0444650277953182	0.0742497862789442	0.0059236953780058	0.0059796857446103
ALB	4578.6319939825	4531.02080555986	11259.2967004521	12811.7594357276	-0.019683294935667298	0.033568418039925024	0.2159534730017185	-0.21962112374603776	0.037976251915097514	-0.4578918144106865	-0.664077803492546	0.0675	147	164	-0.3116049018882927	0.0637878530942989	0.5314689395166934	0.2532600399159826	0.8716093410497049	0.9653535308552296	0.2681930293138596	0.2813315188408963	0.031767631316463	0.0209525830016544
ARE	43751.8388860721	40644.804043392	73619.1005840251	67183.6265568253	-0.10638565150046	0.00034108133345000624	0.7245698794722557	1.204190611839295	0.8597820699214935	0.5788842141628268	1.1813674569129924	-0.995	95	901	0.1902549693910226	0.7996574522437463	0.3737233451575665	3.0800787997149683	0.8225332276450421	0.2760508064087977	0.3999908473838774	1.131100457685146	0.0096482395960741	0.0111888453501865
ARG	12334.7982453893	14613.0418246696	19683.7715056442	23597.1177528578	-0.017449279067447202	-0.030851952296576002	-0.9207362234592444	-0.1988288704305885	0.08055664983112375	-0.7085713744163512	-0.445799969136715	0.3175	159	303	0.2491320859767645	0.5126835886223504	0.8766404052730389	0.7998838259516383	0.7299181037223552	0.7306703717222864	0.330553819463864	0.5490523573054519	0.0241229221092417	0.0166898474539889
ARM	3986.23162376713	3914.5012684128	10036.8898405952	12115.0570089389	0.0255395034493	0.09655663999501801	0.27214379981160175	-0.07506742328405375	-0.023956166580319502	-0.39224939048290225	-0.5751545131206512	-0.6024999999999999	100	92	0.2497007903807488	0.1253132833328921	0.5100145917242238	0.1631249033332158	0.8059287240524817	1.0710213951874252	0.3045149772065462	0.2742392066467666	0.0101153469109139	0.0049314732251995
AUS	62510.7911705641	54027.9668184568	46880.2206571585	48633.1332207217	-0.0016352487379906932	0.0016629566275370067	1.8274130821228027	1.641093581914905	0.9992430657148368	1.80281749367714	1.9172954857349402	1.4375000000000002	108	700	-0.3500973355212131	0.7609171267261254	0.4390909503299246	2.208758246862225	0.999116190804197	0.3763986047773428	0.128080793486403	0.7786725518210034	0.0293459844459896	0.0159717654716571
AUT	51717.4959405515	47426.5119597773	48799.7154676985	54342.9478588847	-0.0006309776634094	0.00667121858985496	1.4713082015514374	1.5886741876602175	1.2922223806381226	1.8658948838710798	1.4617891311645526	1.4249999999999998	375	949	1.711729345450817	0.8728755243678541	4.001948530955949	3.5033768807505807	0.4890920975197195	0.3010987689617865	0.5647624758668313	1.113509029202114	0.0271999738939589	0.0141921447641508
AZE	7891.31314749986	4147.08971569171	17443.8782563093	14121.4069355591	-0.018208729679186	0.052743080742675016	-0.37825272977352153	-0.5966606140136718	-0.555164307355881	-0.7810786068439485	-1.072819188237192	-1.37	20	57	-1.1029549694639869	-0.2344384207987667	0.02457447207365	0.0623977367444407	1.710989584183789	1.284017606479281	0.058124947617247	0.1455269534933631	0.0078801440177936	0.0073643175780045
BEL	47700.5403601178	44192.6230270333	44929.685593416	50596.6427973359	-2.4805507781469996e-05	0.03392430076058886	1.229856818914415	1.561941385269165	0.8798718303442	1.4518572092056272	1.60757866501808	1.3550000000000002	361	988	1.2320035877718651	0.803999172028867	3.3038485454884903	3.576322321971475	0.4531461258761444	0.2473888859076386	0.472573360531275	1.0325010911006205	0.022015416506162	0.0038050814721843
BEN	1291.40980818577	1136.59284704681	2833.41192647339	3044.51388698516	0.003669204547347702	-0.042252463416356	-0.427891030907631	-0.5018605738878252	0.2527632736600935	-0.5764148458838463	-0.715059697628021	0.18000000000000002	60	24	-0.8694197561837589	-1.4084974637864012	0.0936030559168824	0.006554222282589	1.1989678247913216	1.9208849619975397	0.2271094944904099	0.2516756725964656	0.0182898469078352	0.0015625482270061
BFA	792.846778432074	734.994429826895	1692.30439694524	2044.38187401171	0.03040889932398402	-0.004796185191039015	-0.19558281823992724	-0.6056766211986543	-0.669757351279259	-0.46836227178573575	-0.4586692675948145	-0.2975	47	18	-1.146868414734153	-2.9313291058001525	0.0725287805302197	0.0012013983458226	1.3278227269990068	2.654727284715076	0.2422228936199644	0.0134587326035398	0.017227395501273	0.0019646003441027
BGD	1118.8536634927	1563.91369862485	3367.99552513598	4161.08971339052	-0.005603385840421981	-0.039535523671313015	-0.9038216024637223	-0.779738873243332	-1.3268119841814041	-0.8265541791915892	-0.9277914762496937	-0.39999999999999997	82	48	-0.8278848708005752	-0.1711926634317616	0.2429849133753049	0.0469642193738561	1.3658190732174755	1.9224243871275093	0.1055318950223584	0.0653660976982475	0.0454441876663433	0.0337790153903744
BGR	7876.86646539994	8334.08172775332	17561.382132399	21455.5643632836	-0.00587411870568993	0.024738827255069963	0.5535782873630523	0.122014006599784	0.2327088955789805	-0.08634219970554124	-0.240584224462509	0.39	268	718	0.6094979122318307	0.7973071485232726	1.7857995681724472	2.3287022902310106	0.5081911273670728	0.3770249241194793	0.4667994072860014	1.0804272710867835	0.0194082905286304	0.0186370054916967
BHR	24989.4001204704	23742.9850166355	51101.9005266201	47709.8738136618	-0.05187373331535611	-0.20271069822985	0.6815747022628788	0.5560632348060608	-1.0809223651885993	0.33885730803012826	0.32577112689614296	-1.2925	83	416	0.3353073593161032	0.7749997174051514	0.3423755747034783	1.166136032545204	0.8375611268041068	0.5345146093444639	0.4203412676594585	0.9228662830755217	0.0078612902596025	0.0135538853960468
BHS	29980.0611386466	32718.6381008013	33154.0049145014	36297.3070225153	-4.2907959322739995e-05	-0.024670575506471053	0.321271348744631	0.8927943855524065	1.0947355628013613	0.6350609213113788	1.3332044780254348	0.9650000000000001	37	174	0.309811682327568	0.7760546572238833	0.0792139426269372	0.4379339585891473	1.212621119608682	0.8386837996851594	0.2944418113000943	0.8086626707708388	0.0051927386682196	0.0104030215398712
BIH	5329.63504488766	5394.59122017677	11433.2224926214	13797.790217834	-0.00023212896326959997	0.068414637915577	-0.060190442018211	-0.5215884372591972	-0.44551668968051694	-0.21915098652243625	-0.29298942536115624	-0.1125	206	341	0.5233437804328575	0.5389598952800259	1.2381869565075934	0.8148562856836353	0.6113543447789737	0.5747498005313273	0.4925371609778067	0.8759509829623477	0.0198643035143795	0.0166260429099884
BLR	8318.51268992675	5761.74712023007	18955.907025082	18280.1989190642	0.001628894269028498	0.11848596143985703	-1.080960541963575	-0.8406046405434615	0.04164688242599375	-0.9463832080364223	-0.49327596276998525	-1.5524999999999998	204	471	1.102918735326936	0.8654851179999951	1.588517603079271	1.5350453459103786	0.5440257518242009	0.4872311380502175	0.5186924122980554	1.1515132308705645	0.0112381395714629	0.0054719809725611
BMU	98467.683993982	111820.581466347	68775.4467426718	81834.9558735543		-0.026230939576266935	1.2280526161193865	0.9929137080907829	0.9571441709995273	0.8320257584564381	1.2584172487258924	1.0133333333333334	39	111	0.8670284549845396	0.9270912898092762	0.2082286063873419	0.3167074452408412	1.2129335054128303	1.0138951724912733	0.2179857902097902	0.7123145557525261	0.0044871205945781	0.0048216641975992
BOL	3081.87882321413	3351.1240444427	7056.82836431613	8423.69680584065	-0.0386065987974597	-0.18388943658911	-0.8066008388996125	-0.4538673907518387	-0.384225033223629	-1.0241884738206881	-0.6296670734882355	-0.0625	64	75	-0.7093452868279376	-0.5893666591527692	0.1792516341922307	0.1025296040942169	1.1317370895467438	1.0700997901614009	0.1164483227835944	0.1030885736377339	0.017830854989139	0.0099177644655492
BRA	12112.5882059697	9925.38623770041	15718.5656477083	14519.8491302518	-0.006720446537553899	0.015111325459113995	0.063616055995226	-0.11924056150019174	-0.10386430285871026	-0.040456634014845	-0.07363489642739277	0.47	158	279	0.5232697270997729	0.6329799745296794	1.071312040046827	0.914141819277148	0.6739718406826487	0.8350431906361723	0.3235459270782279	0.4732060122132891	0.0151180289240732	0.0060728652715221
BRN	41726.7839720342	28572.1467776509	81373.0180738329	60995.6811141379	-0.044886689398676974	-0.18603838749449494	1.0991875827312452	0.9241640865802763	1.0825125724077225	0.677547186613083	0.646243929862976	-0.5650000000000001	4	198	-2.54801966179898	0.6870818899823987	1.1506608725228163e-07	0.4658146584401182	3.335522605201546	0.9088411122244858	0.0197329388194557	1.0231603442640278	0.0019941219175918	0.0068015784134259
BWA	7780.65338385068	7893.23253363666	16300.8685335942	17253.2806291006	-0.01621057328016246	-0.187966822420241	0.5677395090460777	0.42734182626009	1.0706705451011649	0.6399735063314437	0.9267996102571487	0.4725	32	104	-0.2202119213476729	0.1980721572420227	0.068327177696583	0.1605141604076721	1.248014975219441	1.0187166035316806	0.3716464735205827	0.2884860268125325	0.0040363455597943	0.0062491713846702
CAN	50893.4467137547	45148.5527061655	45753.7505547994	48490.3794987481	-0.005774706267776499	-0.0032604851529660197	1.7474939525127424	1.7733364403247824	1.1067793965339676	1.78669273853302	1.907069742679595	1.42	204	823	0.6462871951985006	0.8535120707527614	1.2148511748573882	2.8678478876245563	0.675799796757109	0.4449783769901641	0.4107107197250222	1.2153356180679389	0.0241331461861817	0.019513742960162
CHE	86605.5633762421	80449.9945127739	61902.1624060426	66910.5737007273	-3.127462805571999e-05	0.007589517737758058	1.6787801980972277	1.9240737855434427	1.380617737770085	1.8375536501407599	2.116624891757965	1.6025	195	893	2.2526314874527134	0.9063875794940496	2.857309237284317	3.347814714616039	0.9133160760097973	0.4208815305042475	0.3287403355737434	1.2200560028350238	0.0414524526814201	0.0167839344211583
CHL	14670.996760602	14999.3700885512	22786.6556023986	24548.1876999972	-0.029664188616738	-0.04671249246462697	1.4958679080009425	1.2343802154064176	0.3987287282943728	1.3896892666816703	1.53518408536911	1.08	115	371	-0.1888161687174561	0.5306505417450468	0.5082642526495026	0.9461657929038696	0.8971844696107181	0.6344206376553532	0.2318651920119256	0.4831155236213413	0.0234766410219854	0.0146761073038828
CHN	7678.59948587483	8879.43866711346	12549.7718312938	14344.4212394407	-0.0097066316098707	-0.03817783919131802	-0.25830515101552026	0.10954097355715925	-0.5518027096986773	-0.4866984114050865	-0.4103089049458505	-1.6325	445	672	1.1931492064453773	1.034077491907324	5.43660145538491	2.640729988049818	0.4920273030090967	0.4836861864490111	0.3610753963294733	1.0011142013282748	0.0512287555606446	0.0168215743025087
CIV	1561.46365461434	2111.02707557541	3127.4791681667	4830.75170129491	-0.037134485109097705	-0.143545291848889	-0.7413282096385957	-1.003269150853155	-1.1887883841991425	-0.9612226933240884	-0.7494965940713895	-0.78	76	68	-0.7019925477907849	-0.7896478078733852	0.1581558107524071	0.0607820178059458	1.0468864450800757	1.233767117523188	0.3192760420918406	0.0678412960081776	0.0190512085928663	0.0118309895656623
CMR	1542.62026621531	1425.10781805333	3185.3551485686	3554.5251558947	-0.014628656453242099	-0.06354157717408902	-0.8894244730472567	-0.8744628578424455	-0.7104237675666816	-1.0158501267433164	-1.1940070986747724	-1.0074999999999998	51	27	-0.8191203983192917	-1.676421312261083	0.0691995697062999	0.0073218574163137	1.1765382852271464	1.7842735336217896	0.255740181779989	0.0426399616132016	0.0127156058361181	0.0061013858981278
COD	486.787081921552	467.07423746489	849.760795523223	1059.8107753086	-0.016926242025758	-0.015816666723602994							32	12	-1.2312993470802631	-1.3506436019322832	0.0405233638419882	0.0043310026742175	1.441947188839228	1.938694417990107	0.1019131540028133	0.0288376151180033	0.0124906312315363	0.0075782077928528
COG	3754.1954669562	2191.22043789319	5888.28297350804	4274.29641446159	-0.0002442892145739961	0.03986721110469602	-1.2930766046047224	-1.15886637568474	-0.41958298534154903	-1.1418964266777047	-1.1657891273498548	-1.125	26	60	-1.1527118437597623	-0.4250873284014207	0.0217468666960936	0.0627673344126498	1.5127438149896593	1.236123283115581	0.117668357355746	0.1915415147429099	0.0088047326458323	0.0047915624960267
COL	8114.3439208516	6376.70671552601	13307.4245015783	14219.5328183657	-0.023824010184785704	-0.014894593612504003	0.4147604778409005	0.008158248849213002	-1.2732579708099374	-0.3268725275993347	-0.3625191301107407	-0.060000000000000005	100	177	0.2412695146198948	0.4008250805437017	0.4674590216030339	0.3810063426852388	0.7696483766391433	0.8653171497999679	0.4331725160219511	0.4903475553934735	0.0079794628999407	0.0035855043609414
CRI	10547.1518593556	11814.6265687665	15622.930477768	19749.1674363682	-0.0034370370560742013	0.005089017555173001	0.5299027487635612	0.42929559201002154	0.60050368309021	0.5208042487502098	0.6621391922235491	1.09	79	324	0.1464961100683065	0.489113071582047	0.3331113635426033	0.8090743468417022	0.917060915889984	0.5287687375163479	0.4160426545303629	0.8957875448835161	0.0103986432953629	0.01557313126287
CUB	7133.34209494342	8541.2106734664			-0.015356112393144978	-0.07543019210753	-1.524030774831775	-0.3167155245319007	0.3757542744278908	-0.68782539665699	0.17404683679342298	-1.535	62	27	0.0710974702932895	-0.1853254126378133	0.2790252141712979	0.0246833977916501	0.9773554157490126	1.519396734919605	0.2076652959680489	0.0688892269512977	0.0070539531165545	0.0006481532401698
CUW	20258.0096948833	19457.5315232205	25379.297699527	25475.4896636129	0.0								23	332	-0.5518860635244335	0.7492581771184662	0.0200634973300814	0.8992352794273435	1.6037023377097646	0.5707405453968591	0.2085993634647793	0.873767289447238	0.0092674087699178	0.0071157116105527
CYP	27129.6261211298	26338.6943443136	30042.8271061311	37766.901656904	-0.00061429707055779	0.07470718989563395	1.095787957310677	1.3654619753360748	0.5895849466323856	1.0715598762035374	1.1097588986158364	1.0175	168	544	0.6902910794476562	0.7144160473327128	1.0057941286535943	1.6498827999171697	0.5844829922556057	0.4173080174417887	0.3170534690031696	0.9258400696979292	0.009492644404312	0.0067245870867232
CZE	19890.9199056648	20636.199952435	32502.4753540118	38948.8629930003	5.54011937683202e-05	-0.02927135076266694	1.0879187583923349	0.9423286318778983	1.0594981908798222	1.0676807761192326	0.3026638850569725	1.0	338	913	1.7947304350408442	0.9046829931771936	3.9310802040261	3.360811887516113	0.5277549139705633	0.3550454812963194	0.5652244369869042	1.193730211224646	0.0291333482352494	0.0146547621362822
DEU	47959.9932737599	44552.8193719078	47011.5510935131	53121.9876792716	-0.00026043446184557993	0.015849110995264013	1.586760878562925	1.6055604219436648	0.8677525222301485	1.69686299562454	1.8062601089477552	1.3975	461	979	2.031964823823454	0.8354172683549778	5.902063016581434	3.581088752570969	0.5520916011987894	0.2813816835983048	0.5579861682762051	1.0661131749681592	0.0606701614676173	0.0117102330942038
DJI	2464.32784119361	2914.38385631251	4289.08674752945	4885.22056254083	-0.002157921616478651	-0.10545945202650017	-0.5049548000097275	-0.9869214594364154	-0.133524330332875	-0.8111322373151777	-0.5034638792276385	-1.4349999999999998	62	28	-0.4626645720215498	-1.558377724805967	0.1593412209578533	0.0063620269439224	1.111354286070132	1.3866025242140043	0.3793848484910951	0.0509659874421085	0.0127692468717015	0.0061904862755809
DNK	62548.9847332908	57610.0981801136	47901.4473627066	55533.4473453486	-0.005057391319720591	0.004642373465063017	1.8022543489933	1.9742771983146674	0.981554225087165	1.9483613669872275	2.3594173192977874	1.6025	326	907	1.1856892059005473	0.8849170714698517	2.809476763871752	3.279986873620796	0.3968284875211518	0.3525167600303028	0.5539883115986395	1.1980938875708225	0.0153975948724589	0.0219182652720883
DOM	6608.82810180769	7609.33879952227	13475.0164700416	16735.3325859465	-0.001739449310197201	-0.014692452176792017	-0.101898736320436	-0.5009397938847542	0.15131203673809074	-0.599809281527996	-0.8406863659620282	0.13	185	222	-0.1133971527328569	0.096081705908887	0.7255617145284864	0.3801137354286428	0.7179548876348752	0.793015758224263	0.4224729812480499	0.5089316492593966	0.0283812475621981	0.0203939584256791
DZA	5494.3523360423	4111.29411013269	13003.267118909	11737.4093527549	-0.09807865861582901	-0.078554538695124	-1.228843688964845	-0.5271705985069275	-1.2696276605129226	-0.760622099041939	-0.5303288772702217	-0.905	12	22	-1.5117157705733746	-0.6231872638523853	0.0003606594263191	0.0132360349523911	2.0244486737620715	1.9501714053119887	0.1391361254460948	0.1416667589284866	0.0031673307001398	0.0039511946892073
ECU	6377.09153014217	6213.50127649921	11713.1715024724	11617.9087583298	-0.0614353662887448	-0.07219036253184498	-0.9960487037897107	-0.5152192562818527	-0.36351348320022253	-1.0916687548160533	-0.6530993580818175	-0.26	70	136	-0.6738463946333697	-0.0872797654607011	0.1822915035466537	0.2132315973044106	1.0768530395527611	0.9166668758628532	0.1912265603560567	0.5293415342699513	0.0189523278100859	0.0124075386187402
EGY	3379.55850951075	2444.29031115094	10895.9448542272	11014.4861365513	-0.0328650106558279	0.015743123486355	-0.5554254278540609	-0.769238218665123	-1.535848557949065	-0.555057190358639	-0.6374280005693435	-1.035	240	183	-0.1143234721624269	0.0623788933264312	1.1130576265251764	0.3278788756327684	0.6587595439909911	0.906272596625065	0.3847726215979039	0.4057895966210474	0.0364918259153617	0.0089302187021171
ESP	29461.5503337389	28170.1678643302	33525.7406299089	39655.150211071	0.00014567547352945006	0.016668944382511982	0.927093401551247	1.1155363917350776	0.0616818976122885	1.0590097606182105	0.9413209408521646	1.0325000000000002	429	941	0.9322768227872706	0.8261552961769221	3.5380340462067057	3.328057031506317	0.30176844384253	0.2275264198276972	0.4987825562517764	1.0960180008128542	0.0160156843377485	0.017672645769332
EST	20367.103161316	20458.4607286705	29135.7051198125	33964.3141525902	-0.0025368494910915	-0.05691788648634102	1.48304381966591	1.0056824237108237	0.6939949542284015	1.228068828582765	1.160189002752305	1.1325	266	839	1.0214537353413315	0.878376646950412	2.1739077671062823	2.9395059708666222	0.4616687934941327	0.3751954732569322	0.528895549896584	1.2178820663290038	0.0116468911252499	0.0183673512816803
ETH	566.926466461984	768.522307579386	1513.70340603175	2021.56104599467	-0.03599579568383099	-0.040122512871561204	-1.057838156819346	-0.485227517783642	-1.4544824659824398	-0.6340048387646675	-0.5499329790472984	-1.315	83	17	-0.9968619762716696	-2.4380514126973925	0.2271149119913572	0.0012008900231124	1.1929625683704712	1.974757255415238	0.1171496176845863	0.0323274335680944	0.0327842934127788	0.0045855112360533
FIN	50260.2998588958	46336.6632530127	41757.4021894413	47644.4283783986	0.0002321164215892102	0.011292699756037052	1.8461360037326848	2.1585448682308197	1.36540147662163	1.9844909012317649	2.2004386186599727	1.5550000000000002	245	808	1.67886767853189	0.9467389188273606	2.4596674486817798	2.9189788660508103	0.6167369123003044	0.5055969650026398	0.460053232617372	1.3322737562243587	0.0233626932052295	0.0146193124310615
FJI	5605.5703563549	6101.03083866498	11346.8672628645	13429.3159184274	-0.0011650213964433998	-0.06350341695481304	-0.5009643584489822	-0.6888574585318565	0.090768470428884	-0.7375468015670779	-0.0444549806416035	-0.7900000000000001	108	131	-0.5090852333128709	-0.0781709519448071	0.2970582038359083	0.1583028958000631	0.9016625672080312	1.0836955148841207	0.2393976117542851	0.2161798458201573	0.0214539740441979	0.0189301637113749
FRA	43011.2631028417	38812.1610341682	40144.0268283679	44755.3252758511	-0.00011661649388866997	0.012819486890270007	1.131892144680025	1.3961056768894227	0.47681174427270906	1.45064303278923	1.408113718032835	1.2125	409	958	1.495082581108801	0.8636576856999802	4.052043429595559	3.5169491860225737	0.4265334070067336	0.3144600258000273	0.4736935427279443	1.134783052311099	0.0209243981454119	0.0113133613039612
GAB	9663.42923977641	7230.39639268426	15370.9761530686	15006.7640910411	-0.085900631157038	0.057058615780251	-0.6421663463115692	-0.793716475367546	0.2894569709897043	-0.4948666915297505	-0.7344594448804853	-0.875	14	42	-1.2118052382707476	-0.4691262667815691	0.0026322141329435	0.03006356819861	1.965840788375768	1.5036192453431216	0.1074395607801982	0.1282315770043559	0.0063364822438559	0.0071907917217271
GBR	47425.6076805194	40361.4173832159	41265.9380854536	45955.3270123209	-0.0015772622703577898	0.018640706243712016	1.7242571413517025	1.5571558475494376	0.41388185322284704	1.7409939467906952	1.68196412920952	1.3125	280	924	1.7503222638147355	0.8743830699191457	3.1492874172003607	3.3881171204853104	0.6226950055072306	0.4053149548068275	0.5080108016521502	1.220256107567255	0.0294010135758254	0.0136635387068676
GEO	4739.18833846421	4357.00093554628	11575.547210705	13589.7073915159	7.210040710516008e-05	0.065931584996679	0.7621302306652069	0.5584753677248955	-0.525069907307625	0.01153212878853075	0.44369197264313676	0.0675	99	115	-0.1314753739445125	0.0328720800923012	0.3284977087575526	0.1748421870868148	0.8400042460540176	0.9601761217185814	0.2343017897282298	0.3977930650123109	0.0131692833835599	0.0074176958758546
GHA	1971.03334675411	2025.93242386751	5454.14389253995	4996.63870607304	-0.014654803012366014	0.06436920029520604	0.08295262255705875	-0.119554433040321	0.06290131248533751	0.0517508178018035	-0.110272870399058	0.45249999999999996	80	62	-0.8166359288753362	-0.8486863167197675	0.1658004138416264	0.0501021774130552	1.0579680040954915	1.3863795791847893	0.1715264761210378	0.1949381821759618	0.0215717456235157	0.0073630425922403
GIN	787.23807021997	855.573639877367	1804.54214982762	2417.79918672692	0.03259695208660201	0.17971788309265901	-1.0218336880207075	-1.1994965672492974	-1.215040236711505	-1.3971509337425223	-1.05987510085106	-0.945	28	14	-1.6343146923038792	-2.312087738438613	0.0169091493015916	0.0012244681197408	1.5863058089458388	2.252881713493038	0.0698106908928452	0.1816614703800977	0.0102092751671698	0.00130591573268
GNQ	19394.0299929972	9667.91225173046	33696.1264123214	22551.083245578	-0.06085863522803201	-0.07100183384670196	-1.3914558589458452	-1.5714183449745176	0.03231397084891799	-1.3397882580757126	-1.5883578956127176	-1.94	7	26	-1.716818825125474	-0.3781424942535624	1.7953233666029018e-06	0.0186817014863504	2.621280046133423	1.8581283651025275	0.0420444504350027	0.0658262328367333	0.0034218005486223	0.0073406458523214
GRC	21760.9797507704	18930.2186276597	26838.4551682373	29233.7966332607	-0.00037685762371128	0.006173555245666052	0.4965384379029275	0.4224466904997825	-0.156932890415192	0.45675404369831074	-0.11393502634018675	0.7075	229	566	0.271474070908466	0.5951349571297437	1.0846687127260963	1.5334036177956412	0.5479896646241474	0.49026359271829	0.5062029368891805	0.7394934315021375	0.0205290741098398	0.0243008021257266
GTM	3779.64231923143	4451.45098144235	7758.49313511813	8317.36410115835	-0.014534580449722199	-0.032385257229800006	-0.17536501586437225	-0.721335977315903	-0.6769203394651415	-1.0396128594875336	-0.63633967936039	-0.34500000000000003	199	214	-0.1374528133599173	0.0598239417779754	0.7405283762959417	0.3246207451702387	0.7094163264269432	0.909712314671886	0.4250131942103247	0.3584042837229788	0.0310120696808427	0.0190441943263165
GUY	5407.0899628323	6124.92996724861	10951.6769709817	12005.358645387	0.014981259016845988		-0.601165533065796	-0.13618113286793251	-0.38165022805333126	-0.5453387498855592	-0.6887194365262984	0.052500000000000005	43	77	-0.7966769066589618	-0.4665609378957626	0.0601657969498716	0.0662728450714845	1.2637207157267654	1.0372528169393556	0.1526213174330425	0.4290912306864362	0.0117928109997433	0.011079257202302
HKG	40315.2855640552	46165.8565115953	54781.6471649487	59849.2481763342	-3.5454470875999994e-06	-0.2417188952776999	1.9293890893459298	1.7660557031631476	1.0077456086874022	1.6424023807048775	1.7141027152538275	0.62	246	869	0.9168511436390152	0.8844822064136224	2.8598547740850138	3.211728991174179	0.747279918813616	0.4058341084384737	0.2276153082867378	1.1670191400755496	0.0480346851302006	0.0224404281354057
HND	2206.05193412773	2453.72789597457	4452.58301911362	5561.9963118339	-0.007195220031541101	-0.039832854589638984	-0.22786028683185572	-0.6930697113275529	-0.4283116310834885	-1.0383305549621595	-0.8775483369827273	-0.45499999999999996	142	162	-0.4009668629807688	-0.1066031663007457	0.500220785079108	0.2370079911186985	0.8861494720742652	1.0551506398743151	0.3160424162654221	0.2814466617288242	0.0303625715500097	0.0227093131096101
HRV	13599.4097770608	13451.6249479152	22060.7411314836	26885.6584063112	-0.0019325964884388202	0.06586476435080897	0.4634322598576545	0.6655233949422837	0.6231047064065935	0.26870881393551826	0.10419953125529025	0.52	260	568	0.910445420315684	0.7794051491909406	1.6719060284264553	1.7310832783383596	0.4804244823997322	0.4143991923038117	0.5654100028871774	1.0586732531147232	0.015046968351848	0.0170588384647568
HTI	1402.1001557234	1294.23974604323	2897.2147945697	2980.96085581817	-0.0009758483012696995	-0.0027853343586190073	-0.9979586601257315	-1.7340205311775225	-0.7632257193326949	-1.3037188947200775	-1.205836951732635	-0.7625	51	21	-0.9877438375202672	-0.8554362323956103	0.1108190886819279	0.0107060814194228	1.4713135410324154	2.154369371142212	0.1894097922257065	0.0423473261006114	0.0250745752315691	0.0055521034927988
HUN	14267.0121547683	14605.8543453283	25642.5566762677	29559.2144705633	-0.00099406230215909	-0.01279781353415487	0.9196847230196002	0.6230452805757523	0.7213999480009079	0.6161500215530396	0.310523334890604	0.72	258	818	1.515064456339714	0.909906120592338	2.4072536670886144	2.9258304167158102	0.5575622983798773	0.4157433327764059	0.5440563528821319	1.2362457050055835	0.0151632866114443	0.016092321762559
IDN	3491.62479085767	3837.65173121117	10278.139920209	10935.8417542919	-0.016672044887248504	-0.03488680161826099	-0.23344430513679998	-0.1920721447095275	-0.5748664140701295	-0.510415241122246	-0.6293118745088575	0.0625	213	244	0.0161145296748466	0.3481099617850921	1.4091362404883776	0.6461187739970776	0.7046028771575802	0.8727446693141012	0.206307996594262	0.2893259881755726	0.0337776527124616	0.0117109802005204
IND	1573.88149211052	1981.6510498992	5233.86854281857	6185.99389258543	-0.007578276442693102	-0.04185277842352399	-0.4339288994669915	-0.13554324279539276	-1.2107978314161312	-0.07080490700900574	-0.4987458363175393	0.42	267	115	0.2973526221362942	-0.0649219816454887	1.8210728110135663	0.2099744256898878	0.576363842281441	1.3779986551195385	0.2662151026680998	0.2671835769510056	0.0226113577148128	0.001475826023806
IRL	55492.982562275	69822.3470849141	51067.9766083865	78051.520995538	0.0005347605742318101	0.1101709182466	1.6298970580101027	1.5213685035705575	0.961034625768661	1.7502803802490225	1.5425230264663723	1.315	122	799	1.400529900550182	0.8874880538321966	1.1871832547184598	2.8418305003426534	0.8623824730864043	0.4640343869828398	0.3197947702574887	1.1715390069585077	0.0159256530091796	0.0127527943410068
IRN	5585.52675758303	5520.31047120905	15235.7048371843	14535.8622264762	-0.09027291559617097	0.01801316596306897	-1.4742865860462175	-0.5156548768281938	-1.2175920158624631	-0.9833529442548743	-0.7424956709146502	-1.5925	106	148	-0.4776124091068741	-0.026529437152413	0.3124103960511195	0.2514953885047322	0.9513895952968136	1.05191175455629	0.2577547889023969	0.2059268904128686	0.0276608661510173	0.013762741036425
IRQ	6818.80462127833	5205.28825476591	14267.0356150368	10971.9700124802	-0.08397812964799797	-0.03381130279908796	-1.2088476419448848	-1.11164075136185	-2.0681905150413527	-1.4238105118274702	-1.249873489141465	-1.0875000000000001	6	10	-1.7825936179320214	-1.5788341312672225	1.4743557043115042e-05	0.0004919151603485	2.7688014385153226	2.26770575441583	0.0255256543840834	0.0336394644864805	0.0026776146290519	0.0020857727631274
ISL	54241.9346445558	71310.9392562342	45714.7926490087	55274.1891219644	-1.1794128084e-06	-0.05414380043629201	1.13357761502266	1.5139341950416574	1.2557875216007224	1.6883907318115225	1.8914843499660499	1.4124999999999999	64	320	0.1496339392803287	0.7568588123698977	0.2788843176108103	0.9013450044360164	0.9626933080396072	0.6523456546226793	0.2370271525187557	0.9119736702446772	0.0090126774209526	0.0109529275266883
ISR	37678.8897709163	40541.8620938968	34212.9444858096	39022.888023389	-0.0014940495788087701	-0.035297657213535026	1.2192513048648825	1.26992392539978	-1.10531061887741	1.0082812607288367	0.8733659833669665	0.6675	170	657	1.2467703894398343	0.8746673766723507	1.4834329109500266	2.289570543243245	0.6045864411241393	0.5026121904475693	0.4016197163232322	1.1176738393081216	0.0081469582488358	0.0065580318029573
ITA	35518.4152916749	32406.7203150134	36194.873918843	41713.9000170061	-0.0007274673098313099	0.016249051332268998	0.7235800623893734	0.407709650695324	0.490772381424904	0.41253143548965454	0.0675082481466235	0.9450000000000001	454	929	1.4769127447827626	0.8867601742169889	5.020205286876518	3.3662639095580773	0.3655013263745474	0.3317103869880761	0.5417105051076725	1.1801925472121158	0.0270487320743887	0.0147674815248554
JAM	4833.79031821405	5069.18383810726	8544.23018569639	9598.37095744956	0.0011853082947077009	0.03405455757908502	0.22734253481030475	0.10357617144472925	0.06609792076051225	-0.351674698293209	-0.24865618720650673	0.5175000000000001	83	68	-0.3591493605976005	-0.4486600346730098	0.1758300609371566	0.0554529586742719	1.0103077634341986	1.2547019307977214	0.3839717137342625	0.1798882951315166	0.0165021981902409	0.0098529651237506
JOR	4130.87905539962	4234.40313273963	9179.78348735681	10010.3949558156	-0.00259189115519872	-0.075988325790521	0.175358632579446	0.036216815467923755	-0.5459701716899873	0.36604949086904526	0.0941914711147545	-0.7725	184	222	0.2651778598239515	0.3699197389126875	0.8276135804050107	0.4590801736899855	0.6406831517768363	0.8572114939672433	0.5049373671390275	0.5442276133954512	0.019752547042082	0.0169026633547455
JPN	38109.4121125573	38386.5111457057	39179.155610609	41093.5006345222	3.753528658380009e-06	0.002115507197941007	1.12050485610962	1.5797146558761623	0.9828185290098197	1.42878070473671	1.63463479280472	1.08	299	669	2.446871550976589	1.126640793014619	5.236208074390763	2.8259831015156927	0.8665729801331226	0.768450932245207	0.3054752818451389	1.4649398777294609	0.063387519372922	0.0380092210751264
KAZ	12807.2606866152	9247.58133129626	24726.4728671586	24862.9661245889	-0.019673791853191	-0.06944001475841396	-0.309579249471426	-0.35638702847063547	-0.2783703301101923	-0.6369441300630573	-0.917516514658928	-1.18	67	221	-0.3780791643134701	0.2272889675638341	0.2958272763298755	0.4950169168204557	1.1333336085418533	0.8837322536366907	0.1028732652962205	0.2436349828624155	0.0205546365714668	0.0153780044254959
KEN	1315.80453537238	1572.33549593781	3021.43312339997	4046.20842543927	-0.0050931546353826015	-0.050650173847778014	-0.282700505107641	-0.4701055958867073	-1.2543525397777548	-0.7138646543025973	-1.0020723044872302	-0.23	171	55	-0.3768629075828824	-0.8941694786635396	0.547582145015302	0.0332164737144425	0.7623759594860422	1.5491131211485805	0.3858902415922853	0.2337338366590152	0.0295068079460623	0.0034124538774724
KGZ	1279.76978265986	1242.76964282023	4281.82407398558	5046.69153549093	0.04060257688148379	-0.03195810224656803	-0.3224496990442275	-0.7011995315551758	-0.9314178824424746	-1.0889869928359972	-1.1648125648498548	-0.5725	143	86	-0.1304708698253948	-0.4023260838733755	0.6008008918015645	0.0974309834974964	0.7777686269937256	1.0497276472383288	0.2748296112267974	0.3347052278355551	0.0213384096605587	0.0061741660930559
KHM	1093.49619050796	1385.2599796333	3185.33689790783	3928.37368825169	-0.0078909620926821	-0.019215163651808993	-0.421638496220112	-0.8184304833412173	-0.13031455455347926	-0.9960104078054429	-1.1247591972351074	-0.99	85	80	-0.6545404225079154	-0.0662736092345878	0.3055273244315791	0.1059708708500598	1.2691781311568875	1.5541592477510702	0.1447638512666818	0.0999659616496137	0.0387809745291617	0.0364566426473918
KOR	29249.5752209742	31616.8434004683	35324.4976704773	41110.6448038314	-8.081190730683998e-05	-0.06897213925309494	0.9961791634559622	1.18559989333153	0.266686599701643	0.9893817901611337	0.556367188692093	0.7125	212	771	1.861548444776895	1.0317497517958305	3.246978052684102	3.0174651281927787	0.7214578965066917	0.5738632823501588	0.3255033411723013	1.3616858292711036	0.0253616850808925	0.0257697815228463
KWT	44062.3170375209	29759.4364865575	70082.4248636737	50855.499959604	-0.192185844857598	-0.17310448248229407	-0.04252431355416775	-0.06619733665138475	0.20744276791811	0.3262435835786165	-0.133217627182603	-0.6300000000000001	17	221	-0.3575063729597619	0.5563416197061466	0.0091959726235274	0.4932838983600666	1.895461370357484	0.7093168322575163	0.439797346481128	0.6260021431552726	0.0074512986230196	0.011779578695072
LAO	1998.33521471699	2423.8462031921	5873.75548919659	7257.80793165273	-0.042558382218067806		-0.8717745542526245	-0.7042311653494835	0.1354671735316515	-0.8509516417980197	-0.9948627948761001	-1.6749999999999998	92	89	-0.958214351662699	-0.6399624540143138	0.2594457767397074	0.0890427438540202	1.0847151430077566	1.0049514242030446	0.0797795216635693	0.1248169939240924	0.0269302071790995	0.0079478765758044
LBN	7686.25602996455	7801.17865807555	15026.3361375226	16005.2570426061	-7.166896978669999e-06	-0.018564573317752	-0.12579810712486525	-0.3458973541855812	-1.6528486311435675	-0.7459991574287415	-0.9333390742540351	-0.4	228	250	0.3694670267794792	0.3375401167692926	1.2452013714955958	0.5413477959046408	0.5383781133205415	0.8069541000854593	0.5357528191634751	0.6632999983683917	0.0216653365405233	0.0137375159076258
LBR	721.182794835652	698.70176435511	1381.94025371831	1515.64325045424	-0.04021570203931901	-0.04147999484154599	-0.9793220311403282	-1.2881422936916376	-0.5007008612155915	-0.8748961687088013	-0.6879271864891052	-0.31000000000000005	26	17	-0.4610166326659117	-1.1471080994951874	0.0240051903851225	0.0029596579928345	1.5237482760293388	1.8543359747478627	0.1032533376958486	0.0526128984186197	0.006182471373308	0.0049591988861567
LBY	6466.91027014384	5756.69844996569	14303.0174902414	13237.9985273173	-0.036171569617392055	0.029280378593122977	-1.7938071489334102	-1.48726150393486	-1.7679556608200078	-1.29581433534622	-1.4281274080276476	-1.1425	9	28	-2.051845828063841	-0.5141584966613678	0.0001133310195652	0.0140232289085174	2.4185172346767536	1.6449131613779229	0.0255503671933541	0.1834856069590717	0.0059868554842158	0.007963443040372
LKA	3819.25352972265	4077.04372120747	11256.8560497537	12584.1044231151	-2.883090696922011e-05	0.007427029897899011	-0.12019644491374476	-0.1087376149371265	-0.5963025316596029	-0.17292998358607276	-0.2971953228116035	-0.5974999999999999	154	141	-0.310913309398319	-0.0153713650369941	0.7820663147458414	0.2336271995432208	0.9270203092712844	1.0748881852272925	0.2070591274101586	0.4201120086930909	0.0412399744499898	0.0254332879066032
LTU	16564.9565494076	16885.4073948373	28184.4723303858	33869.7415315368	-0.0006467509097378505	0.013247385485397984	1.1007977575063683	0.8378996700048446	0.7910197377204895	0.8501385003328321	0.426497720181942	0.9225	260	854	0.7906291062815481	0.8723059185641787	1.7597789428334658	3.001013240593673	0.5215302312556244	0.3509939344140264	0.4904825272938509	1.2103762129151745	0.0207705232452523	0.0267335579356801
LUX	118823.648368575	107627.151006695	101297.575745297	112666.769445095	-0.00035574229941502	0.050142612073929914	1.7610853910446174	1.6762229204177874	1.3407293856143925	1.83872029185295	2.119773507118225	1.6075	188	869	1.3450592136345316	0.8733985206375291	1.6315485574828974	3.1163055577497407	0.5703590446465591	0.4041593125467684	0.5163833805989317	1.2256928503105995	0.0093273076916802	0.0113236247278953
LVA	15713.536972819	15682.2214493267	23803.8094030424	28741.4751888616	0.00026881065149650054	0.004608635074252021	1.0479807406663904	0.8460409641265874	0.46363312005996704	0.7931831926107404	0.3189719133079052	0.785	248	785	0.7519587617142145	0.824139111278436	1.638793566100608	2.628366216483488	0.4976504756243161	0.2626498236425026	0.4801967489886631	1.0449512846441444	0.0174510510783035	0.0219806700268475
MAC	93777.1067959425	81516.6749248075	154095.703884367	126918.226521718	-1.2513031940000361e-08	-0.04993868063544497	1.443284422159195	1.239567399024965	0.8001093715429305	0.7352931201457977	0.5669446364045145	-0.05750000000000001	158	294	0.7849213874618931	0.8401900991021622	1.4404212401606726	0.9353111385273072	0.7976656429970148	0.7220078898099754	0.306565853505831	0.8507884407778169	0.0301433421223991	0.0171728363018974
MAR	3171.69919227376	3036.32525487301	6609.60910787755	7314.15448711835	-0.0027340562073273024	0.02591415134693598	-0.111682018265128	-0.08011651877313875	-0.4504996985197067	-0.18748731166124347	-0.368592940270901	-0.6774999999999999	164	176	-0.4773537783985616	-0.0388318178602729	0.5713463042772827	0.2686134815486413	0.9291186784493568	1.0284177647688173	0.1647044871802637	0.1977934472833867	0.0459172210144568	0.0206667001852255
MDA	3328.80144892125	3509.69345025814	8827.05410758548	11651.3174546862	-0.0003899397032993102	-0.0007193312537430074	-0.0601892392151055	-0.5034140050411222	-0.04024561456753875	-0.31902583315968525	-0.709805801510811	-0.01	166	199	0.1288186021835829	0.2752930229418561	0.824216945526233	0.4175841238473273	0.7535975624998204	0.9315404641251812	0.3543536962213752	0.272945556043466	0.0270864650527424	0.0223277773199394
MDG	530.861345678745	515.29272487784	1555.82337962072	1584.42267833676	-0.01619047010345449	0.02620724103761198	-0.6080611795186994	-1.13798835873604	-0.6147380322217942	-0.861773878335953	-0.684712313115597	-0.755	114	41	-0.8060060833134826	-0.5340897642391932	0.3501425086372771	0.0390963212804201	1.0388210559138304	1.5515334247822332	0.1186260323705808	0.2320059677918476	0.033562296648413	0.0017055538134591
MEX	10928.9168262489	9287.84973619382	18056.7911564109	19785.905008208	-0.020842193551493294	0.057781271483269024	0.4129876717925073	0.298031184822321	-0.7245913445949554	-0.512654401361942	-0.5219157561659815	0.08499999999999999	189	534	1.1273596359596114	0.8072139337712488	1.6964681584803782	1.6914697296997678	0.6016136785803499	0.7932816789780254	0.3989574133073663	1.3884987660824577	0.0101740293380358	0.0089055835488217
MHL	3230.02326028787	3666.69537359193	3441.60696430411	3775.52497269638	0.0	-0.10735064236640099	-1.0224467217922217	-1.5066346228122725	1.032976150512696	0.015640860889107246	-0.1853999411687255	1.1425	18	60	-0.7508197755790396	0.2163460665047219	0.0114425806841816	0.1009901729934049	1.709871693662245	1.17420627668552	0.1025149591855476	0.5505007648853418	0.0069412603028817	0.0082769869410664
MKD	5468.48086914212	5430.87421029797	13368.2228830926	15699.8942100855	-0.0129426998335377	0.07482864051723503	0.3712174221873282	-0.024746269918978506	-0.31757669150829326	-0.17737818323075777	-0.04982307925820375	-0.0675	155	293	0.0669169108465952	0.4342977783106448	0.7362972397129842	0.6616440783285591	0.7472131525301495	0.6164604377033022	0.3851125847527066	0.7765743015575524	0.0236277903480571	0.0241128748369664
MLI	848.274053713997	830.018367429228	1915.30367981381	2246.80166869684	0.010086141318957988	-0.0034139301943049817	-0.47687793523073196	-0.955262094736098	-1.544714838266372	-0.6414173543453218	-0.7488704770803449	-0.1925	33	12	-1.2618960139461746	-3.3566458280318905	0.0282247168647644	0.0002157181550968	1.4347709429187396	2.0936261501013864	0.1969397960912396	0.1404868858038561	0.0111423168510825	0.0037321027680994
MLT	26754.2685892123	28091.8616473935	34344.1116309684	42539.7363542404	0.0	0.00962479453936993	1.262346178293225	1.1823842525482149	1.0743166804313675	1.2896336913108823	0.8861263990402221	1.1624999999999999	84	483	1.0187337525939506	0.9208521783628084	0.5652551209760704	1.6132161770254578	0.8159322615040707	0.7306198876088076	0.3801761599158548	1.2037556743307467	0.004517294699445	0.0102726047343641
MMR	1251.82076450814	1291.54241301307	4245.8070401422	4739.91011751543	-0.013449948144592891	0.082693112017488	-1.7029574811458599	-1.4636691212654123	-1.070681616663934	-1.3031675219535825	-1.1330928057432177	-1.5675	86	52	-1.1347557371960064	-0.97386003209616	0.2143123407954955	0.0312576884151971	1.1642075982714528	1.3399923982702897	0.0669079245973977	0.1048322613425753	0.0294782430911768	0.0041471652244384
MNE	7378.04440441034	7784.08791153906	15371.1846293801	19745.1129811527	0.00828967665866139	0.009114857011672015	0.03888480924069875	0.16353348456323125	0.47148882597684877	0.04083504015579825	-0.15504272468388097	0.1925	103	123	0.0309407832393627	0.1557167073416192	0.3730229140945272	0.2436056519280334	0.884551307065601	0.9845412051381311	0.3664555216893516	0.2690065061465168	0.0157004643731441	0.014581114418371
MNG	4158.52571473091	3669.4175404033	11056.3098094418	11311.7938212007	0.11975299125025696	0.07545642632924504	-0.255962036550045	-0.551465779542923	0.590223915874958	-0.3396548330783843	-0.545048214495182	0.1175	33	47	-1.1711411966644172	-0.7944544401002559	0.0836765206036907	0.0480410316944509	1.4582704029873974	1.2901108458826085	0.0966860712829597	0.1684403124463275	0.0108129989139653	0.0072739612747771
MOZ	673.969955508106	461.415094120589	1139.05303889379	1283.65986980986	0.05588320674531499	0.07295011447377099	-0.42201633006334305	-0.6513589769601825	0.039893187582492745	-0.6947231590747835	-0.5838035941123962	-0.2275	68	40	-1.0703718902710324	-1.371570530491257	0.1100279093120047	0.0180440626306351	1.1357272745072642	1.374114914249101	0.183550057843743	0.1238820193891035	0.0202991208711026	0.0053645816751698
MRT	1677.10816613189	1578.11417355949	4295.04930350073	5077.19547171931	-0.065704785236695	0.017077236747560037	-0.7198508381843569	-0.9623260051012043	-0.9779850989580148	-0.9228875935077671	-0.7929693758487703	-0.9249999999999999	24	25	-1.4186780748141763	-1.339410933322349	0.0170719861466409	0.0077598708798548	1.7171487008872903	1.939917950017364	0.0995279111839474	0.0409853180039617	0.0105753973682687	0.007356914720951
MUS	10153.9382184867	10484.9083620411	18488.0467911726	21415.1161096211	2.0758567610920004e-05	-0.063943127086079	0.9739400148391713	0.945168420672416	0.8826448768377307	0.9348685145378115	0.37110128998756403	0.8875000000000001	139	257	0.033724929935841	0.4947544162355565	0.7963191501983843	0.6217124024495211	0.8268295625199661	0.7709108567368681	0.2339171086353652	0.48527037182925	0.0246574137035911	0.0211762464273439
MWI	371.269749625713	356.717573153369	1078.980573455	1037.54586753623	0.0006174169767537841	-0.04538723885172	-0.7221501916646957	-0.503006085753441	-0.050078871718142	-0.20560381188988702	-0.5617710947990417	-0.175	77	19	-0.6381967984903689	-1.7229770846840864	0.1891191080677241	0.0039788926057161	1.0552131957176794	1.8969660302387317	0.3553589626947281	0.0286473274233362	0.0181365909720147	0.0029409174896802
MYS	11319.0797572756	10259.1817806895	24607.707458023	26661.1877010899	-0.026652237587385007	-0.03781756117179498	0.6567440778017045	1.013990283012389	0.09765202587004776	0.4919438511133195	0.2571141361258925	-0.38	177	762	1.1402973879302631	0.7894915192158586	1.9172922967849932	2.6055696524231524	0.7109095110440912	0.4591970357415632	0.3622144482746738	1.1466640209372434	0.0195438597547981	0.008749133572447
NAM	5435.17195993204	5303.30917087143	10400.7696285891	10050.501278454	0.022971487743239195	-0.05228559094444002	0.0469426456838845	0.1234115157276395	0.8643281012773515	0.19986410439014424	0.3155954107642175	0.41750000000000004	97	212	-0.4480786384759792	0.2390715625826764	0.2629238764515462	0.3990863265195522	0.91643622915051	0.8126984927911372	0.2538456839917309	0.4155716307157407	0.0202135377447392	0.0108128583339682
NER	564.597482419666	517.975030051999	1142.51834907894	1163.68325867675	-0.012050571975912803	-0.031283419012425	-0.6016831994056702	-0.6805824041366579	-1.1309438198804882	-0.5858232975006106	-0.6448430716991425	-0.26	37	13	-1.2750476305231275	-1.4561245242817118	0.0564125123820969	0.0014217477010288	1.3694057675840483	2.237388588524713	0.1341256863440193	0.2150375121094142	0.0130683161449467	-0.0005716872114652
NGA	3098.98630009568	1968.56473841262	5507.17039988995	5190.35438635709	-0.016602192459276105	-0.052635639612107994	-0.7174086570739747	-1.0676772296428683	-2.0543207526206975	-1.1226841211318974	-1.20951697230339	-0.6724999999999999	29	28	-1.588404760342892	-1.8593669559050192	0.0349104899674853	0.0072458999786337	1.518964207101518	1.484609628088038	0.0769611827397266	0.1261528925119745	0.0114915205346151	0.0040647674180674
NIC	1934.06323712607	2159.157867515	4941.7005064869	6004.01729603435	-0.0107190754524887	-0.03669509134899698	-0.3307625949382782	-0.8627354651689527	-0.22712734248489125	-0.7109888941049577	-0.7806031703948972	-0.495	105	123	-0.7560376960885211	-0.3823252401062452	0.2449206512773246	0.1247038917309686	1.0486152150490389	1.0882459137551057	0.1737244076188882	0.182598942740388	0.0307214198471592	0.0210934589991539
NLD	52830.1742328055	48675.2223350213	49233.2153954401	55264.5703604103	-0.004398006092444539	0.028138598700634957	1.775990456342695	1.8008410036563873	1.12250655889511	1.8746977150440225	2.0686748921871176	1.5675000000000001	355	980	1.17089575053516	0.817904129259274	3.3123051608172807	3.560146233883351	0.4780356580119422	0.2550444932656199	0.4173968991991148	1.0489806850381036	0.0262014640941961	0.0063023512984012
NOR	97019.1827527462	75496.7540581998	65892.6892787813	64255.2826486677	-0.0201690647979677	-0.02663360032678099	1.6172120273113249	1.8650276958942424	1.2843742966651925	1.9603786170482649	2.2316939830780047	1.6949999999999998	97	686	0.8106677919758187	0.9592629255561173	0.6264294718177468	2.412670589122899	0.8426984000166988	0.6361401559901247	0.3355271494289057	1.3449727037191614	0.0125665372977702	0.0175982319253633
NPL	743.413381296219	911.444266521259	2593.43837539233	3099.30608193814	-0.0009625247700365702	-0.025167425314205013	-0.8008341342210773	-0.915764331817627	-1.162855371832848	-0.7475400120019913	-0.716785088181496	-0.5125000000000001	156	30	0.0218216246317064	-0.1989918019498938	0.8765935147561807	0.0303027922671653	0.8102200780443226	1.773740842824248	0.3870490374051444	0.3197885511173106	0.0289737764279563	-0.0006664861254315
NZL	44553.2822108385	42849.426324701	37276.9439703148	42274.4068831256	-0.003640848613310399	-0.00535621614939302	1.9006361067295074	1.8421083986759175	1.4149876832962052	1.9207008481025727	2.3022270202636723	1.5825	160	653	0.3302742330601511	0.7970955428572354	0.7991362809322186	2.06488036739399	0.7207042015109855	0.4451326153691698	0.3877124684185923	1.0883690765634764	0.0210869735584881	0.0158999622963063
OMN	20035.1739750121	15130.5207386726	38624.5991259682	29082.4236246658	-0.15942349157751703	-0.17909198449606997	0.4908547922968865	0.24891969561576824	0.5222387686371806	0.4924419671297072	0.19784474372863775	-1.0525	57	284	-0.4074885187275193	0.4322097383372398	0.1325361331402863	0.5841010563440642	1.0466525936552311	0.6397143753654094	0.2697640204906795	0.509859816300154	0.0118131977599036	0.0165132474869511
PAK	1251.16410422834	1464.99330546855	4238.5945208844	4571.41449087153	-0.011137644838880602	-0.03985263330767701	-0.683595448732376	-0.7856595814228058	-2.6229050755500776	-0.8508116304874417	-0.9823531508445745	-0.7974999999999999	179	78	-0.5121002802867433	-0.4476964319849109	0.8160567476802569	0.0934905141318911	0.9240111865024933	1.2648052141831496	0.1936538430411032	0.2107540884180202	0.0486619002997096	0.0108213511184927
PAN	12796.0700430496	15150.345612161	22897.3954948458	30454.7638063039	-0.0017913115400744197	-0.135773476771138	0.3843831270933153	0.23039181344211127	-0.034976064227521496	-0.11211891984567075	-0.3401167616248133	0.4825	228	500	0.8296190509389858	0.8488928533839077	2.3251258769204823	1.651066146761595	0.5929566196820637	0.4758145601320774	0.3014922967425814	1.0714286322273652	0.0249586041245938	0.0105918530944042
PER	6672.8802554854	6710.50802896038	11510.2838491968	12506.5301705306	0.016044525848416303	0.021129015988821997	0.48384378850460075	-0.17091337218880676	-0.7561277747154237	-0.559482663869858	-0.3935530111193658	0.1275	147	235	-0.4943875081822279	-0.0398697274051325	0.5205575789397667	0.4082609613793939	0.8603770437888261	0.8402613958252367	0.2586247601324069	0.3086858595793567	0.0290280022253827	0.0161152880577252
PHL	2959.64845212232	3123.23422944462	6960.90064652702	8120.84230882854	-0.012482239453522302	0.021977866637407004	-0.09938339795917299	0.127502353861928	-1.0946240127086635	-0.4387292116880417	-0.512000672519207	0.03	158	177	0.5798679825156654	0.5376990364364477	1.227200241974955	0.4860244648602701	0.7370577779032712	1.1212926694852998	0.2450626896842891	0.7578723238430739	0.0197468183579004	0.0025814695548217
PNG	2920.78372060611	2695.25188280292	3761.52437605627	4288.96764692683	0.005409991649866974		-0.47069577127695084	-0.6818684190511702	-0.5511834323406217	-0.8477927297353745	-0.9582170397043235	-0.022500000000000003	35	49	-1.4229518070719214	-0.9744780875337647	0.0400717366068353	0.033895812866088	1.3998873012156583	1.331195407730521	0.0466349996647869	0.1224531800531234	0.0121649938749923	0.0064931582796319
POL	14271.3058536202	13864.6817579973	25475.5046935928	30160.4942336866	0.0005448335549182503	0.06941339943088203	0.9975149780511856	0.7115693986415865	0.9844593554735176	0.801668033003807	0.6128551661968232	1.05	365	851	1.0930710977298006	0.9018356553156762	2.9813334206164805	3.0211171144884528	0.3924895960674248	0.3189860575205154	0.5778202287516452	1.2014938273237885	0.0216749296560344	0.0191567432314969
PRT	22074.3007634216	21490.429863104	28742.4403783509	33150.2099653858	-0.00106050112293064	0.025082983954069958	0.7517601996660233	1.0503862500190733	0.7680124342441559	1.07142272591591	0.992826536297799	1.08	361	830	0.7458958899503737	0.8092205561933312	2.648075360018113	2.784332206558371	0.4018727999599247	0.2979585016172659	0.5122399249896277	1.146940913051242	0.0240628859896418	0.0252742821788027
PRY	6102.94323272326	5680.58076826353	11425.6611376997	12594.3414272626	-0.0008727847002509015	0.015649964033833966	-0.321555897593498	-0.881324753165245	-0.5972469579428438	-0.7910618185997011	-0.895217791199684	-0.0975	68	92	-0.333099014417422	-0.1583511788741434	0.1931571608340495	0.1469804670269775	1.0736241086329668	1.0283463639352195	0.2520657376229358	0.3839859068553291	0.0177503700279084	0.011235345533818
PSE	3352.11259506043	3620.36048715937	5510.13293040455	6401.74089135074	0.0	-0.000988634807400004							184	105	0.3175600673182514	0.1277283594997094	1.0560573576228194	0.1733087748394476	0.6114176257511109	1.0400793624513247	0.4629160517956182	0.4906767898658238	0.0189310637784296	0.006467170164305
QAT	83858.4768549031	59124.9323657393	129068.788829385	91738.8537969694	-0.127042377016727	-0.15108695502555705	0.6555576473474503	0.9233846962451939	1.147083520889284	0.884587422013283	1.042084783315659	-1.0274999999999999	18	155	-0.411137674728123	0.5500606496353796	0.003312753810914	0.3496480157917971	1.9541289950568668	0.8233418285758022	0.1213140813259675	0.5023813970760398	0.0116292079644802	0.0118362670443823
ROU	10043.6774497614	10807.7953907179	20657.7070695521	27230.5238192666	-0.00583181958957949	0.005973853394762045							247	619	0.9293812543896304	0.8396645263157936	1.972879126616829	1.9845402917141783	0.5296624650881231	0.6056680140081501	0.4716989937460443	1.1863557406955425	0.0182540934352946	0.0165231300362885
RUS	14095.648742954	10720.3325853448	25761.6480209933	26005.979940469	-0.024675999593771	-0.010202160719956978	-0.35690276324748976	-0.3388517387211325	-0.8739214688539505	-0.767460897564888	-1.009987071156502	-0.98	102	345	0.4055134276626171	0.6340576194025579	0.6231625910428792	1.0360415648506305	0.9524711416680082	0.740096678987324	0.1499798711130402	0.3757645496126057	0.0244406986035906	0.0163796079207211
SAU	24463.9031634311	20803.7459178785	55725.3975564186	47309.1322269122	-0.17507764828849198	-0.12022236655940396	0.052611315913963994	0.0032116835936905133	-0.4157791659235952	0.12246283423155549	-0.06919381255283949	-1.885	37	304	0.3031223932531905	0.5882672250288834	0.0906300431089274	0.7927401164770782	1.2972659452027246	0.6421537965843089	0.1796655960433746	0.6017036014017036	0.0087701207830807	0.0131843858252512
SDN	1709.99960541964	1111.86844893858	4734.83304626744	4362.57840927293	0.03676869061936989	0.014312773372894192	-1.4249499440193176	-1.4534495174884825	-2.3348937034606925	-1.2349932491779325	-1.3951708078384426	-1.7650000000000001	39	22	-1.687173997302361	-2.5201117783546176	0.0504453895550044	0.0035937252338208	1.5158591964098085	1.6111799678975376	0.1205514830522187	0.1278000769890261	0.0203835055409239	0.0044788693973182
SEN	1396.65822533925	1361.69958778497	2830.69910610579	3203.9007579397	-0.00046031973143350057	0.0015178640639420139	-0.140727609395981	-0.446249581873417	-0.16196755319833775	-0.266596334055066	-0.22103780321776847	0.032499999999999994	122	58	-0.5647204893305168	-1.1550596202422934	0.3415911751107018	0.0377538377163928	0.869695594431475	1.3548131609446763	0.2831855520210312	0.1260447318704188	0.0251838788425082	0.006770992391444
SGP	57562.5307937678	60913.745333494	84423.1913432675	94940.970785297	-7.748172841800003e-07	-0.21248160353599985	1.9898253381252275	2.14811235666275	1.2810115218162528	1.7328692972660051	2.095798075199125	-0.027500000000000004	144	944	1.913361139299518	0.8175551586358283	1.839213032217248	3.4079121059662847	0.9411105915258638	0.3440545931795409	0.2251523030725747	1.1324520994079497	0.0285262925063178	0.0214537458040667
SLV	3589.04219262897	3910.25719295906	7233.19382659099	8454.05819814848	-0.0022383805147843895	-0.005231136261094029	0.3572149276733398	-0.09450847283005724	0.07183406502008426	-0.6290757209062575	-0.3513495475053787	0.034999999999999996	170	199	0.1370680203223542	0.3590353078707723	0.8462099951613253	0.3999887110192277	0.7177448206102871	0.9235572483677764	0.4668661922547267	0.4344240639118035	0.0252173345139768	0.0283440342858906
SRB	6600.05680854589	6292.54362926707	14659.6064222468	16664.0607114127	-0.0009855844397536995	0.08393999683008296	0.010493685025721747	-0.047204295173287496	-0.09792721085250376	-0.2804286293685438	-0.28274812176823627	0.245	273	490	0.6608563951663322	0.6709853617753726	1.6175460503758738	1.363063471991491	0.4840530064691173	0.445531693568207	0.5082216461844967	0.7889151907080916	0.0194799217717314	0.0170627937070628
SUR	9471.92200052426	5637.5149461838	17261.0755848226	16372.5796227304	0.08245407381127201		-0.5328683704137803	-0.07998435967601825	0.145337700843811	-0.07067361194640426	-0.332491673529148	0.4	43	102	-0.5658029629822138	0.0296070583421115	0.0707262674320502	0.1306332569725013	1.2457777367289298	1.0732906452244373	0.2261828399939273	0.2643510503775073	0.0098802128926781	0.0098066073904682
SVK	18674.3440568625	17556.6008176369	28996.8667929371	30189.3971333144	-0.0010525819133363101	0.03656689032106002	0.9688702821731556	0.8335742652416229	1.0554493963718432	0.5184810012578962	0.1544125489890575	0.965	209	863	1.374381580742961	0.8658314638515251	1.7761201731790042	3.057270476371986	0.5867527817253722	0.4163211652879655	0.5515217716867606	1.2388787888054398	0.0129941167711537	0.0160405692453696
SVN	24214.9220717273	23512.8172674713	30870.0236667425	36622.1952899204	-0.00013625585563283027	0.06975751560378	0.6549188345670702	1.009871035814286	0.9380863606929779	1.0175392627716051	0.8111628592014316	1.005	284	857	1.735281093741852	0.9016397429823516	2.9518297215583247	3.0888366768707973	0.5500901602154595	0.3886325355206362	0.6180902851990135	1.2801168837135242	0.0203873151750177	0.0161738374090956
SWE	60020.3604576572	53791.5087298403	47184.6691338182	52113.8343356796	-0.00011487207821174961	0.00468560684069601	1.8808908462524427	1.9087471961975098	1.1486195325851452	1.9643792212009425	2.23870551586151	1.6425	306	903	1.835525947372889	0.8830637443624477	3.5353806609279097	3.2631324833993967	0.5541796046130417	0.3709318169939125	0.4988846432446717	1.1998215166699362	0.025809457647015	0.0179720419026919
SWZ	4038.55722839918	3914.61325245175	8796.98243959603	8408.45427175268	-0.000887895374640002	-0.0034792721712059915	-0.5011271461844445	-0.5567113980650902	-0.45497476309537876	-0.4402357414364817	-0.40187491476535825	-1.2975	118	221	0.1728660405334206	0.4307973492993444	0.6878264210815763	0.5898456802989978	0.7533292417567112	0.7327483409579686	0.3246689511576523	0.500963605427594	0.0100217976253421	0.0117582301318582
TCD	1020.28820350586	665.94835269506	1677.09069926991	1587.03105963951	0.013449596025755994	-0.0028840040295730063	-1.0621166527271289	-1.43601530790329	-1.255139380693435	-1.3653581440448777	-1.3273746073246	-1.3475000000000001	10	4	-3.0451933641207267	-4.8730048921332285	0.0016851606611074	4.1885005980101547e-07	2.4419153688729263	2.92729350858719	0.0140796910954628	0.0150713638268458	0.0081109782413879	0.0008269505627629
TGO	640.934219628827	626.091527901405	1328.38029110688	1516.52604613004	-0.049853779856545016	-0.06601327011438002	-0.8961281329393387	-1.30630150437355	-0.26747348904609675	-0.909219890832901	-0.9825878441333769	-0.8925	91	52	-0.634901196711756	-0.944963001615332	0.2074389829862614	0.0333000682235534	0.9570603881677336	1.2738736443585266	0.2677772562494521	0.2223638354235665	0.0209414971359359	0.0059738623162564
THA	5951.88370233604	6592.91490169864	15480.2113516242	17420.5651510671	-0.012526129574815798	-0.017122212976019995	0.23624425381422048	0.25412159040570276	-1.1420583575963978	-0.16672608256340024	-0.3708643391728403	-0.5075	274	691	1.0934628312082764	0.8274820892965309	2.7342621784609307	2.3527659933935814	0.5075546938421508	0.471134710820083	0.4062373702072235	1.1309612599861902	0.0175969386240262	0.0064549847375682
TJK	1104.17168941376	806.041573098044	3303.09619566776	3089.53020835658	0.032132882129872	0.06551113563393839	-1.0124357193708438	-0.930117607116699	-1.034952104091645	-1.1726094186306026	-1.2263590991497024	-1.45	58	20	-0.9340166110127934	-1.5065982725603448	0.1557510997033693	0.0057335872805794	1.1861925250254164	2.086191322202784	0.172454739388385	0.2141604085774339	0.0169659723123937	0.0023759554916894
TKM	7962.23909840679	6587.09031628698	13490.9871640811	14205.0215776646	-0.06744332056663797	-0.24311777434479398	-2.058133721351622	-1.246261969208719	0.24637962318956852	-1.402699410915375	-1.4242900609970102	-2.225	27	32	-1.197572367076854	-0.6467486910636168	0.0230755015824113	0.0166634740187578	1.5202199066986473	1.464539457841015	0.0547997545608912	0.163468057404801	0.0093522695025894	0.0053430259858687
TTO	20270.8593716518	16238.1931916674	29698.4609464962	26447.59327228	-0.05818897906899549		0.29185394942760473	0.34242007881402947	0.14672711119055726	-0.138599554076791	-0.2238003481179475	0.4925	23	206	-0.5455124644697712	0.4536107968724097	0.018333796425056	0.3891558373572248	1.6316698802584522	0.8015739955932748	0.3288722875722044	0.5019882385049281	0.0077040425538014	0.0187425214690689
TUN	4305.47416504835	3481.22873876516	10446.0513898228	10605.2572072707	-0.023599996427180695	-0.011037453319146025	-0.2737863287329675	-0.0512410337105395	-0.707320876419544	-0.14011286944150925	-0.05510086566209775	-0.1075	221	353	0.3218216925747424	0.6092130151054755	1.3421669723788223	0.8870325036330073	0.6248673590812095	0.7606882683860408	0.3966712107869212	0.8936220334684559	0.0275208697759654	0.0214809066005071
TUR	12157.3379609015	10591.4743712025	24089.4110064756	28007.9748302926	-0.0003485369815941397	0.008338806452670013	0.40475232899188995	0.3759050890803337	-1.129124373197556	0.04579206742346275	0.03656588215380926	-0.235	325	585	0.6118666782807244	0.7128627106976402	2.2279104280695488	1.7264837123687269	0.4536272504443699	0.3866732371905265	0.5042766080729432	0.963720049369202	0.0288087667564733	0.0200312929403414
TZA	1030.09291747653	1004.84112066441	2243.62570561335	2530.43845346455	-0.0016949897237875965	-0.029289317061323993	-0.36805405467748653	-0.6769621521234516	-0.182979648467153	-0.47723902761936177	-0.7193227857351304	-0.1775	145	51	-0.7575858718096231	-1.459885709449925	0.3831249021618023	0.0261164225304388	0.9029206729529248	1.5881007830831857	0.2100602133136748	0.2625714942045685	0.0344002916273138	0.0030224189768109
UGA	879.720233346557	747.196907377979	2079.40510778738	2074.86024139593	0.014206162383195	0.01648455624798201	-0.213727444410324	-0.5432545691728595	-0.9062212854623792	-0.35962487012147903	-1.0091758370399477	-0.5375	139	25	-0.418802538508146	-2.1167292186329125	0.3587701663908553	0.0043301493196456	0.7947324949223369	2.0528847931994463	0.3898626372549579	0.0266796122109292	0.026454537780413	0.0030731187680092
UKR	3104.64320609541	2640.67567655839	10743.5863638157	11871.1236240918	-0.017370185132103	-0.005786636633093991	-0.6128256618976592	-0.6165898740291595	-0.7402062099426978	-0.7992850244045258	-1.06327100098133	-0.2175	210	374	0.5647567494535168	0.6409457666620354	1.1962186776631898	1.0032692427405114	0.594120778483066	0.6371811106651326	0.3795421982710825	0.500159154509292	0.0225046508902321	0.0141168868632681
URY	16831.9729445436	17322.1473894404	20093.6536113771	21324.8460031305	0.00039126023299270064	-0.021135685373200028	0.4860828071832658	0.48152794688940026	0.8657206296920777	0.6417631059885027	1.3470686972141275	1.0950000000000002	124	247	0.287957918255431	0.485906141075801	0.637775465715646	0.6558583200364024	0.7964247926859216	0.6530257796236708	0.3549048937849464	0.6250156787587284	0.0172928664764073	0.0101111786617077
USA	55064.7445483427	60062.2223132211	55064.7445483427	60062.2223132215	-0.0018764007332666504	-0.013664335131105005	1.3278185427188876	1.5100363790988924	0.6122954040765765	1.5987593233585349	1.3422878384590176	1.115	401	899	1.6216711575808949	0.8961500642186218	4.559951726695261	3.3687045845182984	0.5187515972032355	0.4492498208435595	0.4442607244232781	1.2123036340296722	0.0339891336621395	0.0170805939272078
UZB	2492.33664277468	1826.56691924216	6158.50245912758	6518.8046866066	-0.005034944965745005	0.040683290910642	-1.6136509180068974	-0.784420818090439	-0.4819115772843363	-1.2730918824672675	-1.2801503539085402	-2.0075	102	61	-0.4902234432828382	-0.6548789644529548	0.3541652831427143	0.057245263785539	0.9473789607907518	1.2224342688258318	0.2445523171031316	0.2195296813267359	0.0198654829407952	0.0069200291759955
VNM	2030.26195473318	2365.62166567374	5745.15858506426	7155.74582921877	-0.0320623605667685	0.15188676503042303	-0.6240720748901367	-0.20961293764412398	0.17116925586015	-0.492775782942772	-0.5124442130327225	-1.405	227	370	0.1313711846675515	0.6008812209051086	1.6190426570525738	1.0230543767321112	0.7074017891749151	0.7470145080224252	0.2212603361059555	0.5877350992708011	0.039189099066857	0.0222633369591057
YEM	1673.14635369478	960.528533738514			-0.10463474963644448		-0.7861516624689103	-1.2628425657749174	-2.474465668201445	-1.2325598001480098	-1.3190544843673724	-1.3425	39	24	-1.3987302209449586	-1.4611184539390183	0.0331839642421174	0.004185333000489	1.4081301130352502	1.9495148401614308	0.1059906073110778	0.057314504893809	0.0143026528785756	0.0035074830346705
ZAF	6433.18727662894	6132.4798409721	12520.7137484229	12703.4212420788	-0.0053170778819949934	-0.018409758380862017	0.37404745817184454	0.38259102404117573	-0.04850965738296525	0.15095536783337601	-0.0463577331975105	0.6025	216	523	0.2274893982690616	0.6037443872332513	1.0526378319828424	1.4220323248420088	0.5958278331498261	0.6237310295903692	0.4329560014930962	0.4603938735261831	0.0236898268392457	0.0137673972517571
ZMB	1763.06257144391	1534.86675111219	3539.44558360952	3485.00523776896	0.018933518416728	-0.038294321683460024	-0.4607503041625025	-0.5319282785058023	0.4407204054296018	-0.33143458515405677	-0.3324124515056608	-0.13	82	76	-0.3757195399663936	-0.359686133700227	0.2096568090685473	0.0865670904584181	1.0024916058608533	1.095789261109622	0.3621085423602039	0.3222387390586737	0.0179989064240464	0.0062777037115088
ZWE	1434.89934002278	1548.17005572552	2612.46153012769	3028.24597590564	-0.001533577908123993	-0.012721231168194009	-1.892567455768585	-1.2989906668663027	-0.7758776247501373	-1.6050182282924648	-1.39151954650879	-1.3949999999999998	76	40	-0.7895903045760728	-1.150575875497165	0.1730813452085737	0.0270218645693513	1.1263031312814098	1.3609191600985728	0.209909207531946	0.0722290462430302	0.0196924808398963	0.00728861726579
